item_id,title
22200,Zeno Clash
1250,Killing Floor
227300,Euro Truck Simulator 2
239030,"Papers, Please"
107200,Space Pirates and Zombies
224500,Gnomoria
263360,3089 -- Futuristic Action RPG
237930,Transistor
370360,TIS-100
20920,The Witcher 2: Assassins of Kings Enhanced Edition
108710,Alan Wake
207610,The Walking Dead
204100,Max Payne 3
250320,The Wolf Among Us
211420,DARK SOULS™: Prepare To Die™ Edition
204300,Awesomenauts - the 2D moba
730,Counter-Strike: Global Offensive
211820,Starbound
4000,Garry's Mod
42910,Magicka
232090,Killing Floor 2
304930,Unturned
218740,Pid
550,Left 4 Dead 2
8870,BioShock Infinite
33930,Arma 2: Operation Arrowhead
368230,Kingdom: Classic
287980,Mini Metro
208090,Loadout
331470,Everlasting Summer
48700,Mount &amp; Blade: Warband
113200,The Binding of Isaac
213670,South Park™: The Stick of Truth™
105600,Terraria
620,Portal 2
204360,Castle Crashers®
299360,Block N Load
248570,Toribash
298630,The Escapists
257750,Bloody Trapland
221910,The Stanley Parable
376920,Tiki Man
417860,Emily is Away
377160,Fallout 4
251990,Long Live The Queen
252950,Rocket League®
344760,Reign Of Kings
219150,Hotline Miami
17410,Mirror's Edge™
239820,Game Dev Tycoon
277430,Halo: Spartan Assault
270550,Yet Another Zombie Defense
274940,Depth
212070,Star Conflict
264140,Pixel Piracy
32430,STAR WARS™ - The Force Unleashed™ Ultimate Sith Edition
55230,Saints Row: The Third
332800,Five Nights at Freddy's 2
35450,Red Orchestra 2: Heroes of Stalingrad with Rising Storm
212680,FTL: Faster Than Light
391540,Undertale
200510,XCOM: Enemy Unknown
210770,Sanctum 2
264200,One Finger Death Punch
265610,Epic Battle Fantasy 4
47870,Need For Speed: Hot Pursuit
351640,Eternal Senia
253710,theHunter Classic
339280,Strife®
250180,METAL SLUG 3
295550,Royal Quest
227940,Heroes &amp; Generals
8850,BioShock® 2
220240,Far Cry 3
233720,Surgeon Simulator
320760,Tokyo School Life
209870,Blacklight: Retribution
362890,Black Mesa
322170,Geometry Dash
311560,Assassin’s Creed® Rogue
249570,The Castle Doctrine
316010,Magic Duels
218230,PlanetSide 2
301520,Robocraft
221100,DayZ
222880,Insurgency
206420,Saints Row IV
370480,Pixel Galaxy
266210,One Way Heroics
221380,Age of Empires II HD
298110,Far Cry® 4
222420,THE KING OF FIGHTERS '98 ULTIMATE MATCH FINAL EDITION
333950,Medieval Engineers
222440,THE KING OF FIGHTERS 2002 UNLIMITED MATCH
287700,METAL GEAR SOLID V: THE PHANTOM PAIN
47410,Stronghold Kingdoms
317470,Cubic Castles
245620,Tropico 5
274980,Influent
200210,Realm of the Mad God
31280,Poker Night at the Inventory
252490,Rust
8930,Sid Meier's Civilization® V
237310,Elsword
231430,Company of Heroes 2
230410,Warframe
7940,Call of Duty® 4: Modern Warfare®
33900,Arma 2
10180,Call of Duty®: Modern Warfare® 2
234190,Receiver
261030,The Walking Dead: Season 2
243470,Watch_Dogs™
203750,Binary Domain
304050,Trove
302830,BLOCKADE 3D
242760,The Forest
352460,Dead Realm
322920,theHunter: Primal
265750,Secret Ponchos
276340,My Riding Stables: Life with Horses
49520,Borderlands 2
223510,Miasmata
274920,FaceRig
268750,Magicite
360870,Ultimate Tic-Tac-Toe
12900,AudioSurf
335670,LISA
8190,Just Cause 2
500,Left 4 Dead
231040,Beatbuddy: Tale of the Guardians
47790,Medal of Honor™
380,Half-Life 2: Episode One
420,Half-Life 2: Episode Two
21100,F.E.A.R. 3
215470,Primal Carnage
219990,Grim Dawn
248860,NEO Scavenger
290020,LogicBots
298260,Only If
221260,Little Inferno
113020,Monaco: What's Yours Is Mine
204030,Fable - The Lost Chapters
248820,Risk of Rain
10150,Prototype™
291550,Brawlhalla
265930,Goat Simulator
10090,Call of Duty: World at War
218680,Scribblenauts Unlimited
22370,Fallout 3: Game of the Year Edition
307690,Sleeping Dogs: Definitive Edition
248610,Door Kickers
250340,Blockland
9450,"Warhammer® 40,000: Dawn of War® - Soulstorm"
104900,ORION: Prelude
221640,Super Hexagon
262410,World of Guns: Gun Disassembly
221040,Resident Evil 6 / Biohazard 6
222940,THE KING OF FIGHTERS XIII STEAM EDITION
208520,Omerta - City of Gangsters
108600,Project Zomboid
317360,Double Action: Boogaloo
239660,Soldier Front 2
228280,Baldur's Gate: Enhanced Edition
346010,Besiege
313120,Stranded Deep
17300,Crysis
206440,To the Moon
209100,Resident Evil: Operation Raccoon City
218060,BIT.TRIP Presents... Runner2: Future Legend of Rhythm Alien
209000,Batman™: Arkham Origins
9480,Saints Row 2
22230,Rock of Ages
19900,Far Cry® 2: Fortune's Edition
200260,Batman: Arkham City - Game of the Year Edition
241540,State of Decay
17390,SPORE™
274310,Always Sometimes Monsters
344770,fault - milestone two side:above
22380,Fallout: New Vegas
245490,Trials Fusion™
209080,Guns of Icarus Online
269250,WORLD END ECONOMiCA episode.01
319510,Five Nights at Freddy's
212500,The Lord of the Rings Online™
214420,Gear Up
218130,Dungeonland
8980,Borderlands
57300,Amnesia: The Dark Descent
43000,Front Mission Evolved
18700,And Yet It Moves
98800,Dungeons of Dredmor
107100,Bastion
226620,Desktop Dungeons
346900,AdVenture Capitalist
250900,The Binding of Isaac: Rebirth
380600,Fishing Planet
2450,Bloody Good Time
230190,War for the Overworld
246420,Kingdom Rush
263020,STARWHAL
289130,Endless Legend™
249050,Dungeon of the Endless™
418340,RWBY: Grimm Eclipse
96100,Defy Gravity Extended
252630,Eldritch
219640,Chivalry: Medieval Warfare
203160,Tomb Raider
213850,Magic 2014 — Duels of the Planeswalkers
8400,Geometry Wars: Retro Evolved
282440,Quake Live™
369580,NotGTAV
225640,Sacred 2 Gold
113420,Fallen Earth Free2Play
224600,Defiance
224540,Ace of Spades: Battle Builder
233450,Prison Architect
215530,The Incredible Adventures of Van Helsing
359550,Tom Clancy's Rainbow Six® Siege
383980,Rivals of Aether
391460,WARMODE
10500,Empire: Total War™
239160,Thief
322330,Don't Starve Together
238460,BattleBlock Theater®
39120,RIFT
328220,Wild Season
346560,Hero of the Kingdom II
239070,Hammerwatch
310380,Fractured Space
255710,Cities: Skylines
10680,Aliens vs. Predator™
238320,Outlast
201420,Toki Tori 2+
300570,Infinifactory
206210,Gotham City Impostors Free to Play
339610,Freestyle 2: Street Basketball
13210,Unreal Tournament 3 Black
22120,Penumbra: Black Plague Gold Edition
39150,FINAL FANTASY VIII
293780,Crawl
244050,Rise of Flight United
242720,GunZ 2: The Second Duel
251630,The Impossible Game
55140,MX vs. ATV Reflex
318430,Squishy the Suicidal Pig
334230,Town of Salem
225260,Brutal Legend
45730,Dark Void™ Zero
99400,Garshasp: The Monster Slayer
213650,Dwarfs - F2P
233190,Final Exam
261880,Corporate Lifestyle Simulator
263760,Turbo Dismount™
230840,Daylight
340050,Survivalist
220780,Thomas Was Alone
237740,Angry Video Game Nerd Adventures
363970,Clicker Heroes
4560,Company of Heroes - Legacy Edition
224760,FEZ
291480,Warface
322910,"Warhammer 40,000: Regicide"
246620,Plague Inc: Evolved
393420,Hurtworld
237870,Planet Explorers
94400,Nidhogg
238010,Deus Ex: Human Revolution - Director's Cut
241930,Middle-earth™: Shadow of Mordor™
207140,SpeedRunners
302590,Of Guards And Thieves
242880,"Sir, You Are Being Hunted"
49600,Beat Hazard
109600,Neverwinter
242050,Assassin’s Creed® IV Black Flag™
330840,Game of Thrones - A Telltale Games Series
248310,Freedom Planet
259720,Fading Hearts
238430,Contagion
267750,Shadowrun Chronicles - Boston Lockdown
293920,Spirited Heart Deluxe
400,Portal
305620,The Long Dark
323370,TERA
287920,Mortal Online
70000,Dino D-Day
244410,Supreme Ruler 1936
17480,Command &amp; Conquer: Red Alert 3
20500,Red Faction Guerrilla Steam Edition
263500,Dragons and Titans
249650,Blackguards
221180,Eufloria HD
40800,Super Meat Boy
206190,Gunpoint
268650,From the Depths
285900,Gang Beasts
239720,PAC-MAN™ and the Ghostly Adventures
376560,Big Fish Legend
42960,Victoria II
25890,Hearts of Iron III
236090,Dust: An Elysian Tail
6860,Hitman: Blood Money
17080,Tribes: Ascend
273110,Counter-Strike Nexon: Zombies
312280,Simply Chess
34900,Bad Rats: the Rats' Revenge
354140,Five Nights at Freddy's 3
34830,Sniper: Ghost Warrior
203140,Hitman: Absolution™
204450,Call of Juarez® Gunslinger
41700,S.T.A.L.K.E.R.: Call of Pripyat
24240,PAYDAY™ The Heist
50130,Mafia II
244450,Men of War: Assault Squad 2
11610,Dragon Nest
20900,The Witcher: Enhanced Edition Director's Cut
330830,Tales from the Borderlands
282070,This War of Mine
306130,The Elder Scrolls® Online: Tamriel Unlimited™
67370,The Darkness II
205100,Dishonored
4920,Natural Selection 2
212800,Super Crate Box
346120,Boring Man - Online Tactical Stickman Combat
423880,Carpe Diem
4700,Medieval II: Total War™
209730,R.A.W. Realms of Ancient War
250400,How to Survive
57690,Tropico 4
242920,Banished
314020,Morphopolis
249130,LEGO® Marvel™ Super Heroes
241600,Rogue Legacy
58610,Wargame: European Escalation
263060,Blockstorm
24720,SPORE™ Galactic Adventures
216150,MapleStory
416670,Gunslingers
287450,Rise of Nations: Extended Edition
287390,Metro: Last Light Redux
204180,Waveform
266010,LYNE
235460,METAL GEAR RISING: REVENGEANCE
251060,Wargame: Red Dragon
327890,I am Bread
245170,Skullgirls
7670,BioShock™
214250,I Am Alive
274190,Broforce
304240,Resident Evil / biohazard HD REMASTER
21690,Resident Evil™ 5/ Biohazard 5®
321360,Primal Carnage: Extinction
239800,Bleed
329490,Phantom Breaker: Battle Grounds
409160,"Dr. Langeskov, The Tiger, and The Terribly Cursed Emerald: A Whirlwind Heist"
265810,The Sandbox
247000,Talisman: Digital Edition
335330,Brick-Force
351290,Survival: Postapocalypse Now
40100,Supreme Commander 2
357330,Space Beast Terror Fright
102500,Kingdoms of Amalur: Reckoning™
34870,Sniper: Ghost Warrior 2
266510,Hand of Fate
321980,Hardland
342300,Zombie Kill of the Week - Reborn
35720,Trine 2: Complete Story
236110,Dungeon Defenders II
35140,Batman: Arkham Asylum Game of the Year Edition
367240,Avenging Angel
201810,Wolfenstein: The New Order
65800,Dungeon Defenders
200710,Torchlight II
207250,Cubemen
313340,Mountain
211400,Deadlight
222750,Wargame: Airland Battle
1900,Earth 2160
339800,HuniePop
249870,Scribblenauts Unmasked: A DC Comics Adventure
242860,Verdun
219890,Antichamber
296470,Mount Your Friends
91700,E.Y.E: Divine Cybermancy
235360,Prime World: Defenders
33230,Assassin's Creed 2 Deluxe Edition
250420,8BitMMO
418070,Turbo Pug
301970,Screencheat
253610,Wrack
360740,Downwell
64000,Men of War: Assault Squad
230050,DLC Quest
8970,Axel &amp; Pixel
233290,Murdered: Soul Suspect
335240,Transformice
70300,VVVVVV
273350,Evolve Stage 2
342560,Airships: Conquer the Skies
305260,Battle Islands
22300,Fallout 3
40400,AI War: Fleet Command
307780,Mortal Kombat X
208480,Assassin’s Creed® III
318220,Enforcer: Police Crime Action
388090,Five Nights at Freddy's 4
302670,Call to Arms
227580,"10,000,000"
228960,Skulls of the Shogun
312210,The Fifth Day
293540,Guns and Robots
332070,School of Dragons
247240,Volgarr the Viking
24960,Battlefield: Bad Company™ 2
215670,Home
44350,GRID 2
222980,Dead Pixels
207230,ArcheBlade™
335190,200% Mixed Juice!
224480,Octodad: Dadliest Catch
326480,If My Heart Had Wings
63380,Sniper Elite V2
297000,Heroes® of Might &amp; Magic® III - HD Edition
345820,Shantae and the Pirate's Curse
226580,F1 2014
41800,Gratuitous Space Battles
267600,Airport Simulator 2014
24010,Train Simulator
284160,BeamNG.drive
295490,Schrödinger’s Cat And The Raiders Of The Lost Quark
258180,Deus Ex: The Fall
47810,Dragon Age: Origins - Ultimate Edition
2500,Shadowgrounds
281370,Real Horror Stories Ultimate Edition
253770,Bus-Simulator 2012
233840,Worms Clan Wars
270090,//N.P.P.D. RUSH//- The milk of Ultraviolet
395910,Get Rich or Die Gaming
7520,Two Worlds II HD
17710,Nuclear Dawn
113400,APB Reloaded
408990,Timber and Stone
65780,ARMA: Gold Edition
303390,Dead Bits
99900,Spiral Knights
332310,LEGO® Worlds
48720,Mount &amp; Blade: With Fire &amp; Sword
298240,Red Crucible®: Firestorm
236370,Interstellar Marines
245280,ENSLAVED™: Odyssey to the West™ Premium Edition
340170,FINAL FANTASY TYPE-0™ HD
25000,Overgrowth
22350,BRINK
98400,Hard Reset Extended Edition
331500,Executive Assault
363360,Interstellar Rift
263280,SPINTIRES™
24740,Burnout Paradise: The Ultimate Box
208650,Batman™: Arkham Knight
35480,Dwarfs!?
219830,King Arthur's Gold
15620,"Warhammer 40,000: Dawn of War II"
250260,Jazzpunk: Director's Cut
237990,The Banner Saga
8170,Battlestations Pacific
265890,Hexcells
395520,Missing Translation
225600,Blade Symphony
234670,NARUTO SHIPPUDEN: Ultimate Ninja STORM 3 Full Burst HD
71340,Sonic Generations Collection
203650,Sonic the Hedgehog 4 - Episode II
238090,Sniper Elite 3
329440,Sonic Lost World
304410,Hexcells Infinite
57740,Jagged Alliance - Back in Action
274170,Hotline Miami 2: Wrong Number
313080,The Masterplan
374450,Cheats 4 Hire
98200,Frozen Synapse
324260,VoidExpanse
348620,Voices from the Sea
250760,Shovel Knight: Treasure Trove
282800,100% Orange Juice
238240,Edge of Space
274560,Revolution Ace
245470,Democracy 3
29180,Osmos
26500,Cogs
55040,Atom Zombie Smasher
99700,NightSky
16450,F.E.A.R. 2: Project Origin
307670,Hard West
230980,Starseed Pilgrim
48800,Ship Simulator Extremes
250500,Super Amazing Wagon Adventure
367580,Hook
244930,SNOW
50300,Spec Ops: The Line
214830,Half Minute Hero: Super Mega Neo Climax Ultimate Boy
220860,McPixel
263980,Out There Somewhere
251870,Go! Go! Nippon! ~My First Trip to Japan~
108800,Crysis 2 - Maximum Edition
40700,Machinarium
211260,They Bleed Pixels
236450,PAC-MAN™ Championship Edition DX+
227600,Castle of Illusion
252150,Grimm
92300,A.R.E.S.: Extinction Agenda
232970,Thunder Wolves
316390,sZone-Online
104700,Super MNC
17470,Dead Space
298160,Eldevin
289650,Assassin's Creed® Unity
242820,140
300380,Road Redemption
253250,Stonehearth
351730,On My Own
265550,Dead Rising 3 Apocalypse Edition
389570,Mitos.is: The Game
308420,Ziggurat
232790,Broken Age
12220,Grand Theft Auto: Episodes from Liberty City
1930,Two Worlds Epic Edition
268400,Panzer Corps
10220,Postal III
45100,Secret of the Magic Crystals
202130,Impire
331220,Thief Town
227100,Sniper Elite: Nazi Zombie Army
241560,The Crew™
263540,Villagers and Heroes
220440,DmC: Devil May Cry
1670,Iron Warriors: T - 72 Tank Command
270570,Reversion - The Escape (1st Chapter)
35700,Trine Enchanted Edition
247020,"Cook, Serve, Delicious!"
343780,Cat Goes Fishing
271860,Super Killer Hornet: Resurrection
253690,Tiny Brains
33460,From Dust
220260,Farming Simulator 2013 Titanium Edition
201790,Orcs Must Die! 2
212160,Vindictus
386510,Pyramid Raid
260230,Valiant Hearts: The Great War™ / Soldats Inconnus : Mémoires de la Grande Guerre™
262060,Darkest Dungeon®
8340,Strong Bad's Cool Game for Attractive People: Season 1
254440,Pool Nation
45760,Ultra Street Fighter® IV
207750,Symphony
300040,Divine Souls F2P MMO
387240,Steel Rain
256190,Enemy Front
315430,Polarity
342970,Pixel Survivors
40930,The Misadventures of P.B. Winterbottom
284140,Majestic Nights
300,Day of Defeat: Source
304650,SUNLESS SEA
235800,Audiosurf 2
275100,Shelter 2
306020,Bloons TD 5
255420,Magic 2015 - Duels of the Planeswalkers
282900,Hyperdimension Neptunia Re;Birth1 / 超次次元ゲイム ネプテューヌRe;Birth1 / 超次次元遊戲戰機少女重生1
311340,METAL GEAR SOLID V: GROUND ZEROES
351790,Invisible Apartment
260430,The Four Kings Casino and Slots
212480,Sonic &amp; All-Stars Racing Transformed
33980,Pound of Ground
222480,Resident Evil Revelations / Biohazard Revelations
336380,Catmouth Island
229580,Dream
239200,Amnesia: A Machine for Pigs
297120,Heavy Bullets
329830,The Moon Sliver
34030,Napoleon: Total War™
311400,OCEAN CITY RACING: Redux
390670,Steel Ocean
22330,The Elder Scrolls IV: Oblivion® Game of the Year Edition
9900,Star Trek Online
402840,Crusaders of the Lost Idols
9420,Supreme Commander: Forged Alliance
50620,Darksiders™
214560,Mark of the Ninja
399790,Destiny Warriors RPG
234710,Poker Night 2
92800,SpaceChem
307070,Memories of a Vagabond
259680,Tales of Maj'Eyal
244710,Shelter
6880,Just Cause
314160,Microsoft Flight Simulator X: Steam Edition
386360,SMITE®
353560,Plug &amp; Play
293500,Amazing World™
55150,"Warhammer 40,000: Space Marine"
204630,Retro City Rampage™ DX
35460,The Ball
99300,Renegade Ops
92100,DETOUR
10130,TimeShift™
45770,Dead Rising 2: Off the Record
263960,Wyv and Keep: The Temple of the Lost Idol
267610,Woodcutter Simulator 2013
201310,X3: Albion Prelude
209670,Cortex Command
2870,X Rebirth
251430,The Inner World
303210,The Beginner's Guide
368990,Despair
206500,AirMech Strike
212200,Mabinogi
247730,Nether: Resurrected
271240,Offworld Trading Company
227180,Kingdom Wars
398710,Timberman
38720,RUSH
23450,Grand Ages: Rome
228300,Remember Me
261180,Lethal League
2310,QUAKE
237110,Mortal Kombat Komplete Edition
270150,RUNNING WITH RIFLES
327860,Salt
375510,New kind of adventure
214790,The Basement Collection
250380,Knock-knock
234390,Teleglitch: Die More Edition
235600,Tom Clancy’s Splinter Cell Blacklist
250580,Paranautical Activity: Deluxe Atonement Edition
16710,Insecticide Part 1
235250,Super Sanctum TD
247080,Crypt of the NecroDancer
290770,The Fall
17460,Mass Effect
208200,Doom 3: BFG Edition
327640,CaesarIA
268050,The Evil Within
397340,SimplePlanes
275670,Space Run
22600,Worms Reloaded
227260,DisplayFusion
367570,oO
55100,Homefront
321830,Cavern Kings
2400,The Ship: Murder Party
376870,Minecraft: Story Mode - A Telltale Games Series
285920,TerraTech
294160,Galcon 2: Galactic Conquest
301460,Electronic Super Joy: Groove City
330570,Noct
273770,Game Tycoon 1.5
292140,FINAL FANTASY® XIII-2
412400,GASP
232430,Gone Home
242680,Nuclear Throne
232050,Eador. Masters of the Broken World
226860,Galactic Civilizations III
203350,King's Bounty: Warriors of the North
235540,Warhammer: End Times - Vermintide
274270,NOT A HERO
397430,Zoombinis
231310,MirrorMoon EP
261920,Catzilla 4K - Advanced
207080,Indie Game: The Movie
98600,Demolition Inc.
355840,Survarium
48000,LIMBO
57640,Broken Sword: Director's Cut
203830,The Dark Eye: Chains of Satinav
237630,DuckTales: Remastered
214510,LEGO The Lord of the Rings
234490,Rush Bros.
327410,A Bird Story
272510,NARUTO SHIPPUDEN: Ultimate Ninja STORM Revolution
202750,Alan Wake's American Nightmare
269210,Hero Siege
357650,Project Explore
262120,Toy Soldiers: Complete
275200,Westerado: Double Barreled
269290,liteCam Game: 100 FPS Game Capture
7860,NecroVision
252350,Double Dragon: Neon
262260,Jets'n'Guns Gold
337320,Paint the Town Red
383120,Empyrion - Galactic Survival
356070,Commander Cool 2
384150,TeraBlaster
246070,Hack 'n' Slash
317510,Beyond Gravity
357900,Make it indie!
91800,Cloning Clyde
319050,Chaos Reborn
63800,Delve Deeper
274900,Murder Miners
12500,PuzzleQuest: Challenge of the Warlords
4570,"Warhammer® 40,000: Dawn of War® - Game of the Year Edition"
282140,SOMA
20540,Company of Heroes: Tales of Valor
233980,UnEpic
48190,Assassin’s Creed® Brotherhood
29800,Caster
204240,The Bridge
240970,Half Minute Hero: The Second Coming
63710,BIT.TRIP RUNNER
280010,Gunjitsu
17330,Crysis Warhead®
217140,Rise of the Triad
356670,Spooky's Jump Scare Mansion
333980,AKIBA'S TRIP: Undead ＆ Undressed
300080,Total War Battles: KINGDOM
290790,Grey Goo
263740,FootLOL: Epic Fail League
398100,Highschool Romance
39140,FINAL FANTASY VII
404480,SC2VN - The eSports Visual Novel
248390,Craft The World
270210,Melody's Escape
249630,Delver
298600,Lovely Planet
246580,The Typing of The Dead: Overkill
22650,Alien Breed 2: Assault
263420,Probably Archery
354240,"Please, Don’t Touch Anything"
290730,My Lands: Black Gem Hunting
291650,Pillars of Eternity
234140,Mad Max
287100,Chaos Domain
4580,"Warhammer® 40,000: Dawn of War® - Dark Crusade"
223830,Xenonauts
360,Half-Life Deathmatch: Source
243800,Gas Guzzlers Extreme
18820,Zero Gear
307880,Savage Lands
270450,Robot Roller-Derby Disco Dodgeball
351990,Riff Racer - Race Your Music!
260160,The Last Tinker™: City of Colors
278360,A Story About My Uncle
316260,Disney Universe
318130,Doom &amp; Destiny
230700,La-Mulana
263680,Unearthed: Trail of Ibn Battuta - Episode 1 - Gold Edition
299460,Woodle Tree Adventures
15120,Tom Clancy's Rainbow Six® Vegas 2
3320,Insaniquarium Deluxe
360640,12 Labours of Hercules II: The Cretan Bull
39210,FINAL FANTASY XIV Online
236790,Agricultural Simulator 2013 - Steam Edition
28000,Kane &amp; Lynch 2: Dog Days
205910,Tiny and Big: Grandpa's Leftovers
242800,Day One : Garry's Incident
359050,Shower With Your Dad Simulator 2015: Do You Still Shower With Your Dad
2420,The Ship: Single Player
320140,Absolute Drift
267530,The LEGO® Movie - Videogame
260210,Assassin’s Creed® Liberation HD
254700,resident evil 4 / biohazard 4
292120,FINAL FANTASY® XIII
263320,Saturday Morning RPG
232750,Mars: War Logs
313160,Farming Simulator 15
226740,Monster Loves You!
307170,Borealis
386880,Rake
22100,Mount &amp; Blade
378720,Thea: The Awakening
339350,Choice of Robots
343270,Disillusions Manga Horror
302970,Radiant Defense
45300,Wings of Prey
12200,Bully: Scholarship Edition
21660,Street Fighter® IV
24980,Mass Effect 2
61310,Fractal: Make Blooms Not War
91600,Sanctum
99910,Puzzle Pirates
263400,War of the Human Tanks
310080,Hatoful Boyfriend
393410,World of Soccer online
302270,Dungeon Defenders Eternity
225080,Brothers - A Tale of Two Sons
91900,Post Apocalyptic Mayhem
96000,The Tiny Bang Story
270490,The Forest of Doom
331440,bit Dungeon II
324120,Verde Station
23490,Tropico 3
208140,Endless Space® - Collection
324080,Rising World
17430,Need for Speed Undercover
32800,Lord of the Rings: War in the North
204080,The Showdown Effect
244590,Epigenesis
2700,RollerCoaster Tycoon® 3: Platinum
12430,SlamIt Pinball Big Score
55110,Red Faction®: Armageddon™
381120,Shoppe Keep
34010,Alpha Protocol™
258970,Gauntlet™ Slayer Edition
280180,Hover
242570,Space Hulk
277590,Assassin's Creed Freedom Cry
42120,Lead and Gold: Gangs of the Wild West
70100,Hacker Evolution
222520,Champions of Regnum
258520,The Vanishing of Ethan Carter
367670,Controller Companion
220900,Jack Lumber
295990,Evopollution
219680,Proteus
403190,Planetbase
225280,Full Mojo Rampage
15000,Tom Clancy's Rainbow Six Lockdown™
337040,Deadnaut
350150,Scraps: Modular Vehicle Combat
335840,Goats on a Bridge
401190,Dinosaur Hunt
332500,GRAV
317820,Guild of Dungeoneering
207490,Rayman® Origins
266490,Lili: Child of Geos - Complete Edition
252330,Slender: The Arrival
360940,The Mean Greens - Plastic Warfare
222730,Reus
247950,Sacred 3
340340,Domestic Dog
233150,LUFTRAUSERS
201570,Really Big Sky
384310,Dead In Bermuda
1510,Uplink
250620,Among the Sleep - Enhanced Edition
4500,S.T.A.L.K.E.R.: Shadow of Chernobyl
281820,Explodemon
318530,Wings of Vi
209540,Strike Suit Zero
246700,Strike Vector
301760,Disney•Pixar Cars 2: The Video Game
102700,A.V.A. Alliance of Valiant Arms™
375820,Human Resource Machine
385830,Burgers
288470,Fable Anniversary
27020,The Graveyard
252530,OMSI 2: Steam Edition
410340,Liftoff
280740,Aperture Tag: The Paint Gun Testing Initiative
248800,Dysfunctional Systems: Learning to Manage Chaos
345200,Tasty Blue
200910,Before the Echo
215280,Secret World Legends
338000,Echoes+
274290,Gods Will Be Watching
227860,Castle Story
41000,Serious Sam HD: The First Encounter
108500,Vessel
243450,Urban Trial Freestyle
248650,Draw a Stickman: EPIC
350080,Wolfenstein: The Old Blood
15100,Assassin's Creed™: Director's Cut Edition
70400,Recettear: An Item Shop's Tale
250640,Croixleur Sigma
263300,BlazBlue: Calamity Trigger
43500,M.U.D. TV
287290,Resident Evil Revelations 2 / Biohazard Revelations 2
38600,Faerie Solitaire
15320,IL-2 Sturmovik: 1946
232010,Euro Truck Simulator
354380,Assassin’s Creed® Chronicles: China
240600,MotoGP™13
241260,Sherlock Holmes: Crimes and Punishments
9200,RAGE
222140,Puddle
65300,Dustforce DX
18500,Defense Grid: The Awakening
346250,The Old Tree
361800,Tree of Life
207350,Ys Origin
289340,Freight Tycoon Inc.
42890,Sword of the Stars: Complete Collection
283880,Heroine's Quest: The Herald of Ragnarok
228260,Fallen Enchantress: Legendary Heroes
236150,Starpoint Gemini 2
236730,Anomaly 2
45740,Dead Rising® 2
261700,Eryi's Action
226720,LOST PLANET® 3
65790,ARMA: Cold War Assault
233740,Organ Trail: Director's Cut
201510,Flatout 3: Chaos &amp; Destruction
231140,Cities XL Platinum
293900,Pivvot
351510,Quiplash
348290,Hospital Manager
258200,Talisman: Prologue
105800,PixelJunk™ Eden
302510,Ryse: Son of Rome
353090,Chicken Invaders 5
259450,Drifter
231060,Ragnarok Online 2
213330,LEGO® Batman 2 DC Super Heroes™
38740,EDGE
214770,Guacamelee! Gold Edition
231740,Knights of Pen and Paper +1 Edition
47890,The Sims™ 3
290140,Echo of Soul
290000,DubWars
377860,Mushihimesama
356520,Port of Call
363270,O3DX
369400,Let the Cat in
221540,DG2: Defense Grid 2
398840,War of Beach
364690,SUPER DISTRO
26800,Braid
233270,Far Cry 3 - Blood Dragon
391720,Layers of Fear
274250,OlliOlli
297110,Cosmic DJ
299660,6180 the moon
259530,Savant - Ascent
328500,Potatoman Seeks the Troof
328940,The Deer God
234650,Shadowrun Returns
251170,Damned
357480,Frozen Free Fall: Snowball Fight
290300,Rebel Galaxy
318100,AXYOS
307290,Velvet Sundown
291010,The Hat Man: Shadow Ward
314660,Oddworld: New 'n' Tasty
15390,Brothers in Arms: Hell's Highway™
57600,Tropico 3: Absolute Power
250460,Bridge Constructor
285050,Showtime!
310790,Geometry Wars™ 3: Dimensions Evolved
319740,There Came an Echo
209270,Hero Academy
290650,Time Ramesside (A New Reckoning)
8600,RACE 07
273840,Stock Car Extreme
269270,LOVE
314300,CubeZ
409590,KINGDOMS
92000,Hydrophobia: Prophecy
337070,"Dimmdrive :: Gaming Ramdrive @ 10,000+ MB/s"
224820,Super House of Dead Ninjas
315340,A.R.E.S. Extinction Agenda EX
353360,how do you Do It?
265870,Alpha Kimori™ 1
304730,Train Fever
310470,Grand Ages: Medieval
289930,TransOcean: The Shipping Company
22000,World of Goo
304670,Aeon Command
97100,Section 8®: Prejudice™
200230,Off-Road Drive
385530,Астролорды: Облако Оорта
318020,Act of Aggression - Reboot Edition
252070,Gimbal
336520,Might &amp; Magic Heroes Online
47700,Command &amp; Conquer 4: Tiberian Twilight
50510,Burn Zombie Burn!
352960,Star Horizon
252910,Skyscraper Simulator
289520,King's Bounty: Dark Side
351710,Hyperdimension Neptunia Re;Birth2: Sisters Generation / 超次次元ゲイム ネプテューヌRe;Birth2
375040,Death Tractor
315840,Catacomb Kids
316790,Grim Fandango Remastered
331670,The Jackbox Party Pack
92700,Shadow Harvest: Phantom Ops
11450,Overlord™
221020,Towns
381990,Dragon Saga
24840,Medal of Honor: Airborne
338170,Ratz Instagib
39800,Nation Red
418300,Wick
367450,Poly Bridge
243360,TrackMania² Valley
359040,The Music Machine
372210,Spooky Cats
3480,Peggle Deluxe
241720,Guncraft
8800,Civilization IV: Beyond the Sword
283680,Astebreed: Definitive Edition
280600,BloodLust Shadowhunter
275490,Canyon Capers
403570,Stigmat
269350,Montas
47780,Dead Space™ 2
94000,Dinner Date
339290,Castle
351900,Pregnancy
207170,Legend of Grimrock
271900,Hexcells Plus
407600,Raiden Legacy - Steam Edition
365660,OlliOlli2: Welcome to Olliwood
283660,Rabbit Hole 3D: Steam Edition
330390,Grandia® II Anniversary Edition
209370,Analogue: A Hate Story
301910,Saints Row: Gat out of Hell
231160,The Swapper
289760,ROCKETSROCKETSROCKETS
1520,DEFCON
200050,Naval War: Arctic Circle
293180,Overcast - Walden and the Werewolf
244810,Foul Play
258590,Adventure Time: Finn and Jake's Epic Quest
261530,Lifeless Planet Premier Edition
293760,Automation - The Car Company Tycoon Game
249550,NEStalgia
217100,Dementium II HD
297350,The Old City: Leviathan
384360,Fingered
313690,LEGO® Batman™3: Beyond Gotham
234330,Marvel Puzzle Quest
257730,Infinity Wars: Animated Trading Card Game
310070,The Nightmare Cooperative
310700,Super Win the Game
312630,OTTTD
223810,Ys I &amp; II Chronicles+
31290,Back to the Future: The Game
286340,FarSky
95400,ibb &amp; obb
217690,Anna - Extended Edition
401810,Poi
244870,Electronic Super Joy
32470,STAR WARS™ Empire at War - Gold Pack
9350,Supreme Commander
36000,Foreign Legion: Buckets of Blood
416130,Written in the Sky
32500,STAR WARS™: The Force Unleashed™ II
271500,Sniper Art of Victory
280040,A Wizard's Lizard
283080,Super Chibi Knight
274620,Skara - The Blade Remains
362810,Fighties
11230,Gumboy Tournament
279260,Richard &amp; Alice
340300,Teddy Floppy Ear - Mountain Adventure
271360,Industry Giant 2
344040,Voxelized
342200,MechWarrior Online™
16810,Sid Meier's Civilization IV: Colonization
256050,Adventure Park
279420,Gardens Inc. – From Rakes to Riches
360730,Cards and Castles
111600,Serious Sam Double D XXL
303800,The Witcher Adventure Game
358960,Canabalt
42920,The Kings' Crusade
251150,The Legend of Heroes: Trails in the Sky
102600,Orcs Must Die!
244770,StarMade
256290,Child of Light
105100,Lume
325090,Deep Dungeons of Doom
312530,Duck Game
228760,TrackMania² Canyon
7200,Trackmania United Forever Star Edition
373180,Kung Fury: Street Rage
111400,Bunch of Heroes
209060,Drunken Robot Pornography
292630,Uriel's Chasm
348380,The Interview
294860,Valkyria Chronicles™
206610,3SwitcheD
354640,The Settlers Online
304500,Rooms: The Main Building
57900,Duke Nukem Forever
61600,Zen Bound 2
203210,Titan Attacks!
8080,Kane and Lynch: Dead Men™
7510,X-Blades
94200,Jamestown
20510,S.T.A.L.K.E.R.: Clear Sky
227160,Kinetic Void
342980,Destination Sol
246090,Spacebase DF-9
65740,Carrier Command: Gaea Mission
243780,PixelJunk™ Monsters Ultimate
6550,Devil May Cry® 3 Special Edition
45700,Devil May Cry 4
326410,Windward
321060,Gender Bender DNA Twister Extreme
45710,Dark Void™
269310,Infectonator: Survivors
230310,Akaneiro: Demon Hunters
299540,Heroes Rise: The Prodigy
332570,Amazing Frog?
12810,Overlord II
224460,Contrast
265300,Lords Of The Fallen™
205870,Auditorium
41500,Torchlight
233470,Evoland
299720,Terrorhedron Tower Defense
301190,Frederic: Resurrection of Music
339400,Runestone Keeper
244160,Homeworld Remastered Collection
253350,Tiny Barbarian DX
269030,The Yawhg
311730,DEAD OR ALIVE 5 Last Round: Core Fighters
349220,The Black Watchmen
215510,Rocketbirds: Hardboiled Chicken
248350,Omegalodon
296150,G-Ball
250520,UnderRail
344860,Crystal Story II
271570,Space Farmers
261110,Killer is Dead - Nightmare Edition
266070,City of Steam: Arkadia
304030,ArcheAge
250110,Assault Android Cactus
47920,Shift 2 Unleashed
323380,The Magic Circle
20570,"Warhammer® 40,000: Dawn of War® II Chaos Rising"
11240,Space Trader: Merchant Marine
319400,Disney Winnie the Pooh
365450,Hacknet
211160,Viking: Battle for Asgard
351050,Cricket Captain 2015
218820,Mercenary Kings
286200,ReignMaker
278620,TinyKeep
326670,Warhammer Quest
342150,Games of Glory
110800,L.A. Noire
315810,eden*
352010,Beach Bounce
360550,Cursed Sight
396650,ACE Academy
11280,Penguins Arena: Sedna's World
7830,Men of War™
311140,The Stalin Subway
331200,Grass Simulator
12830,Operation Flashpoint: Dragon Rising
22180,Penumbra Overture
210550,Angry Birds Space
15750,Oddworld: Stranger's Wrath HD
317710,Velocibox
220160,Trials Evolution: Gold Edition
219700,Dogs of War Online
312010,Bird Assassin
295770,Rogue Shooter: The FPS Roguelike
227480,God Mode
344850,Big Pharma
46540,Trapped Dead
302060,Trucks &amp; Trailers
232910,TrackMania² Stadium
73020,Majesty 2 Collection
226960,Ironclad Tactics
291910,Firefighters 2014
265690,NaissanceE
370190,Ruzh Delta Z
297130,Titan Souls
316430,Battle of Empires : 1914-1918
237590,R.I.P.D.: The Game
209520,Mini Motor Racing EVO
224960,Tomb Raider I
39690,ArcaniA
214870,Painkiller Hell &amp; Damnation
256010,Jagged Alliance Flashback
204530,Infested Planet
225360,DARK
342550,Phantasmal: Survival Horror Roguelike
251370,Escape Goat
312150,Wild Warfare
264280,99 Levels To Hell
344630,Princess Evangile All Ages Version
280910,T.E.C. 3001
353270,Hyperdimension Neptunia Re;Birth3 V Generation / 神次次元ゲイム ネプテューヌRe;Birth3 V CENTURY
260130,Agarest: Generations of War Zero
237890,Agarest: Generations of War
63200,Monday Night Combat
257970,Loren The Amazon Princess
296570,Lords of Xulima
214970,Intrusion 2
270510,EPOCH
62100,Chime
351090,Regency Solitaire
249330,Unholy Heights
213610,Sonic Adventure 2
10140,3D Ultra™ Minigolf Adventures
205610,Port Royale 3
212630,Tom Clancy's Ghost Recon: Future Soldier™
416640,Diabolical
299740,Miscreated
208670,Blades of Time
305980,Heavy Fire: Afghanistan
12360,FlatOut: Ultimate Carnage
238910,Bionic Dues
42990,Sword of the Stars II: Enhanced Edition
202200,Galactic Civilizations® II: Ultimate Edition
207930,Sacred Citadel
218040,Democracy 2
284950,Pixel Puzzles: Japan
300550,Shadowrun: Dragonfall - Director's Cut
237950,UFO: Afterlight
2990,FlatOut 2™
211280,Primal Fears
280220,Creeper World 3: Arc Eternal
216110,Tiny Troopers
21000,LEGO Batman
412470,Metal War Online: Retribution
321030,One Day For Ched
24790,Command &amp; Conquer 3: Tiberium Wars
215080,WAKFU
24800,Command &amp; Conquer: Red Alert 3 - Uprising
244730,Divekick
286690,Metro 2033 Redux
269050,Year Walk
215710,Fieldrunners 2
259550,Hero of the Kingdom
265330,Gomo
280930,Battlepillars Gold Edition
286500,"House of 1,000 Doors: Family Secrets Collector's Edition"
218640,Lucius
211440,Adventures of Shuggy
296650,The Great Jitters: Pudding Panic
298340,FLASHOUT 2
237970,Memento Mori 2
214700,Thirty Flights of Loving
21780,Driver® Parallel Lines
202310,Ridge Racer™ Unbounded
17440,SPORE™ Creepy &amp; Cute Parts Pack
364050,Face It - A game to fight inner demons
209790,Splice
48220,Might &amp; Magic: Heroes VI
70600,Worms Ultimate Mayhem
375220,Bitweb
264120,Victory: The Age of Racing
268220,Meltdown
304910,Sky Gamblers: Storm Raiders
60800,Numen: Contest of Heroes
289090,Ampu-Tea
323450,Alphadia Genesis
310890,Breach &amp; Clear: Deadline Rebirth (2016)
326990,Deep Eclipse: New Space Odyssey
70620,Worms Crazy Golf
257170,Rebuild 3: Gangs of Deadsville
256330,WRC 4 FIA World Rally Championship
217920,Alien Rage - Unlimited
315860,Celestian Tales: Old North
305070,FIST OF AWESOME
428880,The Quest
307990,Wildlife Park 2 - Fantasy
226560,Escape Dead Island
361630,404Sight
32770,Joint Operations: Combined Arms Gold
248630,Kingdoms Rise
97330,Magic: The Gathering - Duels of the Planeswalkers 2013
38210,Roogoo
24810,Command &amp; Conquer 3: Kane's Wrath
259060,Dominions 4: Thrones of Ascension
47400,Stronghold 3 Gold
227780,Serious Sam Classics: Revolution
356510,Soccer Rage
203630,Warlock - Master of the Arcane
251470,TowerFall Ascension
12590,Sprint Cars Road to Knoxville
42170,Krater
102840,Shank 2
242700,Injustice: Gods Among Us Ultimate Edition
341940,Hatred
339230,ZOMBI
392450,Silver Creek Falls: Chapter 1
421630,A Study in Steampunk: Choice by Gaslight
335430,Grimoire: Manastorm
368730,No Time To Explain Remastered
6120,Shank
220460,Cargo Commander
300970,Fiesta Online NA
397500,Labyronia RPG 2
403900,Clergy Splode
242640,Styx: Master of Shadows
208730,Game of Thrones
293740,Road Not Taken
332540,We Slay Monsters
369060,Amygdala
63500,Swords and Soldiers HD
105420,Ms. Splosion Man
259430,Zigfrak
305960,Dragon: The Game
80310,Gemini Rue
259600,Finding Teddy
104000,iBomber Defense
61100,Lucid
206690,iBomber Defense Pacific
263100,9.03m
238750,Might &amp; Magic X - Legacy
111900,Guardians of Middle-earth
108200,Ticket to Ride
285160,LEGO® The Hobbit™
33130,Zombie Shooter
218410,Defender's Quest: Valley of the Forgotten (DX edition)
319550,The Collider
11260,Pacific Storm Allies
49800,Flight of the Icarus
40330,Secret Files: Tunguska
97000,Solar 2
71230,Crazy Taxi
257120,Not The Robots
335890,Nanofights
385270,Jet Racing Extreme
266110,Tower of Guns
311190,Super Panda Adventures
239120,FINAL FANTASY III
312750,FINAL FANTASY IV
269490,Bardbarian
278970,Digger Online
73170,Darkest Hour: A Hearts of Iron Game
287340,Colin McRae Rally
200170,Worms Revolution
317620,Space Hulk Ascension
205990,Warlock 2: The Exiled
235070,Bad Bots
96800,Nexuiz
25700,Madballs in Babo:Invasion
314150,Double Dragon Trilogy
32440,LEGO® Star Wars™ - The Complete Saga
44200,Galcon Fusion
93200,Revenge of the Titans
107800,Rochard
228400,Ace Combat Assault Horizon - Enhanced Edition
407510,Devilian
314410,Rampage Knights
403740,GabeN: The Final Decision
291250,Jumpdrive
311480,Vertical Drop Heroes HD
329130,Reassembly
287120,Ionball 2: Ionstorm
366890,Zombie Zoeds
37400,"Time Gentlemen, Please! and Ben There, Dan That! Special Edition  Double Pack"
372800,RPG MO
358090,D4: Dark Dreams Don’t Die -Season One-
295710,Darkwind: War on Wheels
257830,Violett Remastered
327670,Ironcast
3390,Feeding Frenzy 2 Deluxe
209830,Lone Survivor: The Director's Cut
251130,Chroma Squad
243970,"Invisible, Inc."
385330,Stray Cat Crossing
250050,Life Goes On: Done to Death
340150,Basement
394510,HELLDIVERS™
207730,Arena Wars 2
304350,Wildlife Park 2
409510,Genesis Online
397040,Sphere III: Enchanted World
19500,Eternity's Child
357070,UBERMOSH
319560,Reprisal Universe
9940,Blade Kitten
258090,99 Spirits
255260,Pro Cycling Manager 2014
11590,Hospital Tycoon
209360,All Zombies Must Die!: Scorepocalypse
11360,Chains
105300,Critical Mass
239700,Hate Plus
249190,Ancient Space
72000,Closure
290340,Armello
204060,Superbrothers: Sword &amp; Sworcery EP
300300,Ichi
385710,INK
247140,Soundodger+
290990,Flower Shop: Summer In Fairbrook
259740,Nightmares from the Deep: The Cursed Heart
342740,Samudai
306550,Runers
327220,Anna's Quest
278460,Skyborn
7840,Death Track®: Resurrection
38700,Toki Tori
370150,LOOP: A Tranquil Puzzle Game
65930,The Bureau: XCOM Declassified
334070,Hektor
314980,Supreme Ruler Ultimate
239840,Dead State: Reanimated
286040,Dead Effect
319140,Xeodrifter™
311870,Super Trench Attack!
332250,The Next Penelope
339190,Dead Synchronicity: Tomorrow Comes Today
254200,FortressCraft Evolved!
302080,Bus Driver
214340,Deponia
252410,SteamWorld Dig
288370,Strike Suit Zero: Director's Cut
25500,Cricket Revolution
317440,Quantum Rush Champions
17450,Dragon Age: Origins
249590,Teslagrad
259390,Ballpoint Universe - Infinite
220660,StarDrive
289690,LARA CROFT AND THE TEMPLE OF OSIRIS™
281410,Ubersoldier II
326720,Instant Dungeon!
227080,Papo &amp; Yo
225420,Cities in Motion 2
11140,Sherlock Holmes: The Awakened - Remastered Edition
11130,Sherlock Holmes: The Mystery of the Mummy
350220,Dead Sea
207430,"Hack, Slash, Loot"
25980,Majesty 2
268260,Let's Sing
305380,Blue Estate The Game
73010,Cities in Motion
345440,Vapour
273500,Over 9000 Zombies!
238370,Magicka 2
274230,RONIN
375030,Korwin The Game
219190,Ultratron
45000,Sol Survivor
241320,Ittle Dew
205950,Jet Set Radio
208460,Tryst
246940,Lords of the Black Sun
259170,Alone in the Dark
335660,CAFE 0 ~The Drowned Mermaid~
310360,Higurashi When They Cry Hou - Ch.1 Onikakushi
6870,Battlestations: Midway
267940,Glacier 3: The Meltdown
290490,The Flock
22450,Hunted: The Demon’s Forge™
313010,Cities XXL
273940,Warehouse and Logistics Simulator
297210,Famaze
301750,RADical ROACH Remastered
339470,Retention
236690,Blood Bowl 2
111800,Blocks That Matter
235980,Tetrobot and Co.
39680,The Guild II Renaissance
415420,Nyan Cat: Lost In Space
399430,Tinboy
423120,Community College Hero: Trial by Fire
1200,Red Orchestra: Ostfront 41-45
272890,Vertiginous Golf
344740,CRYPTARK
266150,Lost Saga NA
262550,Gunman Clive
251850,Master Reboot
295690,PARTICLE MACE
255070,Abyss Odyssey
306660,Ultimate General: Gettysburg
234160,Strike Suit Infinity
409670,Pink Hour
415030,One More Dungeon
290280,Volt
16720,Velvet Assassin
323240,The World II: Hunting BOSS
297490,Spy Chameleon - RGB Agent
46350,Real Warfare 1242
322980,Gods vs Humans
266130,Breach &amp; Clear
385260,Lamia Must Die
46770,Making History II: The War of the World
224900,Iron Sky: Invasion
214610,Cherry Tree High Comedy Club
400110,Else Heart.Break()
404080,Murder
258050,Survivor Squad
323610,911: First Responders®
249680,Marlow Briggs and the Mask of Death
40390,Risen 2: Dark Waters
73220,Supreme Ruler: Cold War
33670,Disciples III - Renaissance Steam Special Edition
65730,Take On Helicopters
297330,Arcadecraft
201480,Serious Sam: The Random Encounter
31860,Nancy Drew®: Legend of the Crystal Skull
31930,Nancy Drew®: The White Wolf of Icicle Creek
3590,Plants vs. Zombies GOTY Edition
293860,White Noise Online
11330,Obulis
343360,Particula
207690,Botanicula
282780,Stick 'Em Up 2: Paper Adventures
370020,Templar Battleforce
368340,CrossCode
208750,Apotheon
405010,Bitardia
298520,Orbital Gear
261510,Tesla Effect: A Tex Murphy Adventure
3050,Xpand Rally Xtreme
234920,Dyscourse
352950,Better Late Than DEAD
300900,Hippocampal: The White Sofa
267340,Beware Planet Earth
391070,Stellar 2D
249990,FORCED: Slightly Better Edition
400250,Heaven Island - VR MMO
373390,Contradiction - Spot The Liar!
356570,Party Hard
323720,Decay: The Mare
263820,EvilQuest
237850,Dreamfall Chapters
350600,BIOS
228440,Cubemen 2
322300,The Repopulation
322110,20XX
15520,AaAaAA!!! - A Reckless Disregard for Gravity
33680,eversion
388080,Borderless Gaming
381560,Epic Cards Battle(TCG)
406080,Ant War: Domination
365900,Pixel Dungeon
378370,Nomad
371420,Teddy Floppy Ear - The Race
11340,Larva Mortus
216890,Blood Bowl: Chaos Edition
212410,Inversion™
94300,The Dream Machine: Chapter 1 &amp; 2
40380,nail'd
72900,Winter Voices
383750,Funk of Titans
252250,Maia
357600,Unium
102850,Warp
205730,Insanely Twisted Shadow Planet
200010,Quantum Conundrum
211180,Unmechanical
291930,Industry Empire
322900,"War, the Game"
207790,Jane's Advanced Strike Fighters
391260,Labyronia RPG
251310,Eleusis
258950,Montague's Mount
284930,Speed Kills
325110,Save the Furries
255300,Journey of a Roach
212700,Party of Sin
418910,Idle Civilization
205650,The Testament of Sherlock Holmes
313020,Soul Gambler
104200,BEEP
380580,SpaceCorn
327090,Out of Reach
263560,Paper Sorcerer
200150,Battle Chess: Game of Kings™
212030,Kung Fu Strike - The Warrior's Rise
313040,Pixel Hunter
287580,Pandora: First Contact
331190,Master Spy
26900,Crayon Physics Deluxe
57000,NyxQuest: Kindred Spirits
330100,BossConstructor
24870,Need for Speed: Shift
256370,MXGP - The Official Motocross Videogame
347830,Fairy Fencer F
410210,Ampersand
403700,Zero Punctuation: Hatfall - Hatters Gonna Hat Edition
269770,Secrets of Grindea
268970,You Are Not The Hero
263380,Driftmoon
305050,Outland
39160,Dungeon Siege III
251730,Legend of Grimrock 2
12480,9th Company: Roots Of Terror
356310,METAL SLUG DEFENSE
241410,CastleStorm
378850,Galagan's Island: Reprymian Rising
368360,60 Seconds!
294140,They Breathe
265120,Meridian: New World
98500,Naval Warfare
65560,Painkiller Redemption
278490,Aveyond 3-2: Gates of Night
347620,Gaokao.Love.100Days
390520,PewDiePie: Legend of the Brofist
272600,Detective Grimoire
63940,Men of War: Vietnam
345370,TyranoBuilder Visual Novel Studio
342620,"It came from space, and ate our brains"
371500,Grey Cubes
296240,The Promised Land
336670,HIT
314230,Rodina
363490,Escape Machines
304950,Castaway Paradise - Town Building Sim
246110,MASSIVE CHALICE
349720,Audition Online
293840,Cult of the Wind
242130,Vector Thrust
37600,Windosill
345180,Victor Vran ARPG
330580,Shark Attack Deathmatch 2
91200,Anomaly: Warzone Earth
233550,Another World – 20th Anniversary Edition
234080,Castlevania: Lords of Shadow – Ultimate Edition
207400,eXceed 3rd - Jade Penetrate Black Package
18020,"Precipice of Darkness, Episode Two"
219910,Edna &amp; Harvey: Harvey's New Eyes
48950,Greed Corp
36150,Westward Collection
237760,Intake
364450,Freshman Year
329050,Devil May Cry® 4 Special Edition
318230,Convoy
319910,Trine 3: The Artifacts of Power
107310,Cthulhu Saves the World
12330,Darkstar One
287840,TY the Tasmanian Tiger 4
381850,My Paper Boat
329110,Gems of War - Puzzle RPG
321610,Demonlisher
383580,Flesh Eaters
352700,Subspace Continuum
230070,The Age of Decadence
345390,King's Quest
262940,Broken Sword 5 - the Serpent's Curse
340580,Armed with Wings: Rearmed
266370,Calibre 10 Racing
284460,DeadCore
326150,Death Skid Marks
300220,Victim of Xen
2590,Alpha Prime
33950,Fish Fillets 2
317100,Republique
78000,Bejeweled® 3
306670,Overlord: Fellowship of Evil
262590,Chuck's Challenge 3D
328830,Rugby Union Team Manager 2015
23530,Earth Defense Force: Insect Armageddon
115100,Costume Quest
296970,Renowned Explorers: International Society
266390,Farm for your Life
99100,Dungeons and Dragons: Daggerdale
25900,King's Bounty: The Legend
233310,Avadon 2: The Corruption
240620,Wanderlust Adventures
263480,Final Rush
341530,Stardust Vanguards
216910,Of Orcs And Men
275510,Z Steel Soldiers
275530,Z
16600,Trials 2: Second Edition
205060,BIT.TRIP CORE
18120,Unstoppable Gorg
290890,You Must Build A Boat
263340,Continue?9876543210
6370,Bloodline Champions
299260,Commando Jack
366220,Wurm Unlimited
222660,Retro/Grade
15170,Heroes of Might &amp; Magic V
33520,Tropico Reloaded
293680,Cinders
340810,Deepworld
327500,Zenzizenzic
327520,Traverser
343710,Kholat
247660,Deadly Premonition: The Director's Cut
252670,Nihilumbra
282760,Circuits
63700,BIT.TRIP BEAT
233370,The Raven - Legacy of a Master Thief
245150,The Novelist
293320,Coma: Mortuary
210870,Cloudberry Kingdom™
27940,Dead Horde
344820,Forsaken Fortress Strategy
387970,Clown House (Palyaço Evi)
412140,Electric Highways
296490,GemCraft - Chasing Shadows
49470,Magic: The Gathering - Duels of the Planeswalkers 2012
277520,Albedo: Eyes from Outer Space
298360,Immortal Defense
296910,8BitBoy™
282050,MX vs. ATV Supercross Encore
209690,Fieldrunners
18040,DeathSpank
253370,Axis Game Factory's AGFPRO v3
263200,Signs of Life
8000,Tomb Raider: Anniversary
98300,Toy Soldiers
269330,Chronology
356380,Orbit HD
341000,Mad Games Tycoon
15200,Silent Hunter®: Wolves of the Pacific
256070,Truck Racer
362410,Adam's Venture Chronicles
259620,3079 -- Block Action RPG
214130,Aerofly FS 1 Flight Simulator
258880,Professional Farmer 2014
258760,Scania Truck Driving Simulator
346180,David.
376210,The Isle
232950,Bridge Project
345350,LIGHTNING RETURNS™: FINAL FANTASY® XIII
41740,Cargo! The Quest for Gravity
307640,Stick RPG 2: Director's Cut
229870,ShootMania Storm
18000,"Precipice of Darkness, Episode One"
32200,Metal Drift
313590,Boo Bunny Plague
7000,Tomb Raider: Legend
295790,Never Alone (Kisima Ingitchuna)
289600,Marauder
291270,Vitrum
299680,Tengami
241240,Contraption Maker
293240,Cosmochoria
221810,The Cave
208500,F1 2012™
220740,Chaos on Deponia
288040,Actual Sunlight
283230,Spoiler Alert
207420,Wizorb
364510,Transcendence
299780,Noir Syndrome
23310,The Last Remnant™
314520,Euro Fishing
324570,Halo: Spartan Strike
25800,Europa Universalis III Complete
296770,Real Boxing™
411560,Reveal The Deep
227200,Waking Mars
220820,Zombie Driver HD
296050,Battlepaths
91330,Iron Front: Digital War Edition
95300,Capsized
45400,Fortix
3620,Zuma's Revenge!
319180,Platypus II
279160,Ultionus: A Tale of Petty Revenge
336510,Anno Online
262750,GoD Factory: Wingmen
247580,Magicka: Wizards of the Square Tablet
46440,Future Wars
409450,The Fall of the Dungeon Guardians - Enhanced Edition
271640,Humanity Asset
96200,Steel Storm: Burning Retribution
243280,Poöf
319450,Chariot
285820,Action Henk
207570,English Country Tune
257030,Project Nimbus
347670,Karate Master 2 Knock Down Blow
269790,DreadOut
269810,Spate
286360,Shadows on the Vatican Act I: Greed
316930,Kings of Kung Fu
411570,Zombie Exodus
279520,Rage Runner
94590,Puzzle Agent 2
262960,Castle In The Darkness
205080,BIT.TRIP FATE
227560,Scourge: Outbreak
400240,The Deer
374090,Winter Sports Trilogy Super Pack
254480,Obscure II (Obscure: The Aftermath)
210170,Spirits
383230,Dungeon Souls
61730,Critter Crunch
259410,Sneaky Sneaky
319970,The Detail
378580,Untamed: Life Of A Cougar
274350,Dropsy
275610,"Warhammer 40,000: Kill Team"
328070,Reflex Arena
352400,LEGO® Jurassic World
385890,Golden Rush
348670,Immune - True Survival
294230,Millie
341310,Greyfox RPG
305920,Another Perspective
367780,Aero's Quest
307130,Asteria
