item_id,features
22200,"Zeno Clash, ACE Team, 2009"
1250,"Killing Floor, Tripwire Interactive, 2009"
227300,"Euro Truck Simulator 2, SCS Software, 2013"
239030,"Papers, Please, 3909, 2013"
107200,"Space Pirates and Zombies, MinMax Games Ltd., 2011"
224500,"Gnomoria, Robotronic Games, 2016"
263360,"3089 -- Futuristic Action RPG, Phr00t's Software, 2014"
237930,"Transistor, Supergiant Games, 2014"
370360,"TIS-100, Zachtronics, 2015"
20920,"The Witcher 2: Assassins of Kings Enhanced Edition, CD PROJEKT RED, 2011"
108710,"Alan Wake, Remedy Entertainment, 2012"
207610,"The Walking Dead, Telltale Games, 2012"
204100,"Max Payne 3, Rockstar Studios, 2012"
250320,"The Wolf Among Us, Telltale Games, 2013"
211420,"DARK SOULS™: Prepare To Die™ Edition, FromSoftware, 2012"
204300,"Awesomenauts - the 2D moba, Ronimo Games, 2012"
730,"Counter-Strike: Global Offensive, Valve, 2012"
211820,"Starbound, Chucklefish, 2016"
4000,"Garry's Mod, Facepunch Studios, 2006"
42910,"Magicka, Arrowhead Game Studios, 2011"
232090,"Killing Floor 2, Tripwire Interactive, 2016"
304930,"Unturned, Smartly Dressed Games, 2017"
218740,"Pid, Might and Delight, 2012"
550,"Left 4 Dead 2, Valve, 2009"
8870,"BioShock Infinite, Irrational Games,Aspyr (Mac),Virtual Programming (Linux), 2013"
33930,"Arma 2: Operation Arrowhead, Bohemia Interactive, 2010"
368230,"Kingdom: Classic, Noio,Licorice, 2015"
287980,"Mini Metro, Dinosaur Polo Club, 2015"
208090,"Loadout, Edge of Reality, 2014"
331470,"Everlasting Summer, Soviet Games, 2014"
48700,"Mount &amp; Blade: Warband, TaleWorlds Entertainment, 2010"
113200,"The Binding of Isaac, Edmund McMillen and Florian Himsl, 2011"
213670,"South Park™: The Stick of Truth™, Obsidian Entertainment, 2014"
105600,"Terraria, Re-Logic, 2011"
620,"Portal 2, Valve, 2011"
204360,"Castle Crashers®, The Behemoth, 2012"
299360,"Block N Load, Jagex,Artplant, 2015"
248570,"Toribash, Nabi Studios, 2006"
298630,"The Escapists, Mouldy Toof Studios, 2015"
257750,"Bloody Trapland, 2Play, 2013"
221910,"The Stanley Parable, Galactic Cafe, 2013"
376920,"Tiki Man, Anarchy Enterprises, 2015"
417860,"Emily is Away, Kyle Seeley, 2015"
377160,"Fallout 4, Bethesda Game Studios, 2015"
251990,"Long Live The Queen, Hanako Games, 2013"
252950,"Rocket League®, Psyonix, Inc., 2015"
344760,"Reign Of Kings, Code}{atch, 2015"
219150,"Hotline Miami, Dennaton Games, 2012"
17410,"Mirror's Edge™, DICE, 2009"
239820,"Game Dev Tycoon, Greenheart Games, 2013"
277430,"Halo: Spartan Assault, Vanguard Games,343 Industries, 2014"
270550,"Yet Another Zombie Defense, Awesome Games Studio, 2014"
274940,"Depth, Digital Confectioners, 2014"
212070,"Star Conflict, Star Gem Inc., 2013"
264140,"Pixel Piracy, Vitali Kirpu, 2015"
32430,"STAR WARS™ - The Force Unleashed™ Ultimate Sith Edition, LucasArts,Aspyr Studios, 2009"
55230,"Saints Row: The Third, Volition, 2011"
332800,"Five Nights at Freddy's 2, Scott Cawthon, 2014"
35450,"Red Orchestra 2: Heroes of Stalingrad with Rising Storm, Tripwire Interactive, 2011"
212680,"FTL: Faster Than Light, Subset Games, 2012"
391540,"Undertale, tobyfox, 2015"
200510,"XCOM: Enemy Unknown, Firaxis Games,Feral Interactive (Mac),Feral Interactive (Linux), 2012"
210770,"Sanctum 2, Coffee Stain Studios, 2013"
264200,"One Finger Death Punch, Silver Dollar Games, 2014"
265610,"Epic Battle Fantasy 4, Matt Roszak, 2014"
47870,"Need For Speed: Hot Pursuit, Criterion Games, 2010"
351640,"Eternal Senia, Holy Priest, 2015"
253710,"theHunter Classic, Expansive Worlds,Avalanche Studios, 2014"
339280,"Strife®, S2 Games, 2015"
250180,"METAL SLUG 3, SNK CORPORATION,DotEmu, 2014"
295550,"Royal Quest, Katauri, 2014"
227940,"Heroes &amp; Generals, Reto-Moto, 2016"
8850,"BioShock® 2, 2K Marin,2K China,Digital Extremes,2K Australia,Feral Interactive (Mac), 2010"
220240,"Far Cry 3, Ubisoft Montreal, Massive Entertainment, and Ubisoft Shanghai, 2012"
233720,"Surgeon Simulator, Bossa Studios, 2013"
320760,"Tokyo School Life, M2 Co.,LTD, 2015"
209870,"Blacklight: Retribution, Hardsuit Labs, 2012"
362890,"Black Mesa, Crowbar Collective, 2015"
322170,"Geometry Dash, RobTop Games, 2014"
311560,"Assassin’s Creed® Rogue, Ubisoft Sofia,Ubisoft Kiev, 2015"
249570,"The Castle Doctrine, Jason Rohrer, 2014"
316010,"Magic Duels, Stainless Games Ltd., 2015"
218230,"PlanetSide 2, Daybreak Game Company, 2012"
301520,"Robocraft, Freejam, 2017"
221100,"DayZ, Bohemia Interactive, 2013"
222880,"Insurgency, New World Interactive, 2014"
206420,"Saints Row IV, Deep Silver Volition, 2013"
370480,"Pixel Galaxy, Serenity Forge, 2015"
266210,"One Way Heroics, Smoking WOLF, 2014"
221380,"Age of Empires II HD, Skybox Labs,Hidden Path Entertainment,Ensemble Studios, 2013"
298110,"Far Cry® 4, Ubisoft Montreal, Red Storm, Shanghai, Toronto, Kiev, 2014"
222420,"THE KING OF FIGHTERS '98 ULTIMATE MATCH FINAL EDITION, SNK CORPORATION,Code Mystics, 2014"
333950,"Medieval Engineers, Keen Software House, 2015"
222440,"THE KING OF FIGHTERS 2002 UNLIMITED MATCH, SNK CORPORATION,Code Mystics, 2015"
287700,"METAL GEAR SOLID V: THE PHANTOM PAIN, Konami Digital Entertainment, 2015"
47410,"Stronghold Kingdoms, FireFly Studios, 2012"
317470,"Cubic Castles, Cosmic Cow LLC, 2014"
245620,"Tropico 5, Haemimont Games, 2014"
274980,"Influent, Rob Howland, 2014"
200210,"Realm of the Mad God, Wild Shadow Studios, 2012"
31280,"Poker Night at the Inventory, Telltale Games, 2010"
252490,"Rust, Facepunch Studios, 2013"
8930,"Sid Meier's Civilization® V, Firaxis Games,Aspyr (Mac, Linux), 2010"
237310,"Elsword, KOG, 2014"
231430,"Company of Heroes 2, Relic Entertainment,Feral Interactive (Mac),Feral Interactive (Linux), 2013"
230410,"Warframe, Digital Extremes, 2013"
7940,"Call of Duty® 4: Modern Warfare®, Infinity Ward,Aspyr (Mac), 2007"
33900,"Arma 2, Bohemia Interactive, 2009"
10180,"Call of Duty®: Modern Warfare® 2, Infinity Ward,Aspyr (Mac), 2009"
234190,"Receiver, Wolfire Games, 2013"
261030,"The Walking Dead: Season 2, Telltale Games, 2013"
243470,"Watch_Dogs™, Ubisoft, 2014"
203750,"Binary Domain, Devil's Details, 2012"
304050,"Trove, Trion Worlds, 2015"
302830,"BLOCKADE 3D, Shumkov Dmitriy, 2014"
242760,"The Forest, Endnight Games Ltd, 2014"
352460,"Dead Realm, Section Studios, 2015"
322920,"theHunter: Primal, Expansive Worlds,Avalanche Studios, 2015"
265750,"Secret Ponchos, Switchblade Monkeys Entertainment, 2015"
276340,"My Riding Stables: Life with Horses, Sproing, 2014"
49520,"Borderlands 2, Gearbox Software,Aspyr (Mac &amp; Linux), 2012"
223510,"Miasmata, IonFx, 2012"
274920,"FaceRig, Holotech Studios, 2015"
268750,"Magicite, SmashGames, 2014"
360870,"Ultimate Tic-Tac-Toe, Tigerish Games, 2015"
12900,"AudioSurf, Dylan Fitterer, 2008"
335670,"LISA, Dingaling, 2014"
8190,"Just Cause 2, Avalanche Studios, 2010"
500,"Left 4 Dead, Valve, 2008"
231040,"Beatbuddy: Tale of the Guardians, Threaks, 2013"
47790,"Medal of Honor™, Electronic Arts, 2010"
380,"Half-Life 2: Episode One, Valve, 2006"
420,"Half-Life 2: Episode Two, Valve, 2007"
21100,"F.E.A.R. 3, Day 1 Studios, 2011"
215470,"Primal Carnage, Lukewarm Media, 2012"
219990,"Grim Dawn, Crate Entertainment, 2016"
248860,"NEO Scavenger, Blue Bottle Games, 2014"
290020,"LogicBots, Incandescent Games, 2017"
298260,"Only If, Creability, 2014"
221260,"Little Inferno, Tomorrow Corporation, 2012"
113020,"Monaco: What's Yours Is Mine, Pocketwatch Games, 2013"
204030,"Fable - The Lost Chapters, Lionhead Studios, 2011"
248820,"Risk of Rain, Hopoo Games, LLC, 2013"
10150,"Prototype™, Radical Entertainment, 2009"
291550,"Brawlhalla, Blue Mammoth Games, 2017"
265930,"Goat Simulator, Coffee Stain Studios, 2014"
10090,"Call of Duty: World at War, Treyarch, 2008"
218680,"Scribblenauts Unlimited, 5th Cell Media, 2012"
22370,"Fallout 3: Game of the Year Edition, Bethesda Game Studios, 2009"
307690,"Sleeping Dogs: Definitive Edition, United Front Games,Feral Interactive (Mac), 2014"
248610,"Door Kickers, KillHouse Games, 2014"
250340,"Blockland, Eric Hartman,Ben Garney,Anthony Rotondo, 2007"
9450,"Warhammer® 40,000: Dawn of War® - Soulstorm, Relic Entertainment, 2008"
104900,"ORION: Prelude, Trek Industries, Inc, 2013"
221640,"Super Hexagon, Terry Cavanagh, 2012"
262410,"World of Guns: Gun Disassembly, Noble Empire Corp., 2014"
221040,"Resident Evil 6 / Biohazard 6, Capcom, 2013"
222940,"THE KING OF FIGHTERS XIII STEAM EDITION, SNK CORPORATION, 2013"
208520,"Omerta - City of Gangsters, Haemimont Games, 2013"
108600,"Project Zomboid, The Indie Stone, 2013"
317360,"Double Action: Boogaloo, Double Action Factory, 2014"
239660,"Soldier Front 2, Dragonfly, 2013"
228280,"Baldur's Gate: Enhanced Edition, Beamdog, 2013"
346010,"Besiege, Spiderling Studios, 2015"
313120,"Stranded Deep, Beam Team Games, 2015"
17300,"Crysis, Crytek, 2007"
206440,"To the Moon, Freebird Games, 2011"
209100,"Resident Evil: Operation Raccoon City, Slant Six Games, 2012"
218060,"BIT.TRIP Presents... Runner2: Future Legend of Rhythm Alien, Gaijin Games, 2013"
209000,"Batman™: Arkham Origins, WB Games Montreal,Splash Damage, 2013"
9480,"Saints Row 2, Volition, 2009"
22230,"Rock of Ages, ACE Team, 2011"
19900,"Far Cry® 2: Fortune's Edition, Ubisoft Montreal, 2008"
200260,"Batman: Arkham City - Game of the Year Edition, Rocksteady Studios,Feral Interactive (Mac), 2012"
241540,"State of Decay, Undead Labs, 2013"
17390,"SPORE™, Maxis™, 2008"
274310,"Always Sometimes Monsters, Vagabond Dog, 2014"
344770,"fault - milestone two side:above, ALICE IN DISSONANCE, 2015"
22380,"Fallout: New Vegas, Obsidian Entertainment, 2010"
245490,"Trials Fusion™, RedLynx, in collaboration with  Ubisoft Shanghai, Ubisoft Kiev, 2014"
209080,"Guns of Icarus Online, Muse Games, 2012"
269250,"WORLD END ECONOMiCA episode.01, Spicy Tails, 2014"
319510,"Five Nights at Freddy's, Scott Cawthon, 2014"
212500,"The Lord of the Rings Online™, Standing Stone Games, LLC, 2012"
214420,"Gear Up, Doctor Entertainment AB, 2015"
218130,"Dungeonland, Critical Studio, 2013"
8980,"Borderlands, Gearbox Software, 2009"
57300,"Amnesia: The Dark Descent, Frictional Games, 2010"
43000,"Front Mission Evolved, Double Helix Games, 2010"
18700,"And Yet It Moves, Broken Rules, 2009"
98800,"Dungeons of Dredmor, Gaslamp Games, Inc., 2011"
107100,"Bastion, Supergiant Games, 2011"
226620,"Desktop Dungeons, QCF Design, 2013"
346900,"AdVenture Capitalist, Hyper Hippo Games, 2015"
250900,"The Binding of Isaac: Rebirth, Nicalis, Inc., 2014"
380600,"Fishing Planet, Fishing Planet LLC, 2015"
2450,"Bloody Good Time, Outerlight Ltd., 2010"
230190,"War for the Overworld, Brightrock Games, 2015"
246420,"Kingdom Rush, Ironhide Game Studio, 2014"
263020,"STARWHAL, Breakfall, 2014"
289130,"Endless Legend™, AMPLITUDE Studios, 2014"
249050,"Dungeon of the Endless™, AMPLITUDE Studios, 2014"
418340,"RWBY: Grimm Eclipse, Rooster Teeth Games, 2016"
96100,"Defy Gravity Extended, Paul Fisch, 2016"
252630,"Eldritch, Minor Key Games, 2013"
219640,"Chivalry: Medieval Warfare, Torn Banner Studios, 2012"
203160,"Tomb Raider, Crystal Dynamics,Feral Interactive (Mac),Feral Interactive (Linux), 2013"
213850,"Magic 2014 — Duels of the Planeswalkers, Stainless Games, 2013"
8400,"Geometry Wars: Retro Evolved, Bizarre Creations, 2007"
282440,"Quake Live™, id Software, 2010"
369580,"NotGTAV, NotGames, 2015"
225640,"Sacred 2 Gold, Ascaron, 2012"
113420,"Fallen Earth Free2Play, Reloaded Productions, 2011"
224600,"Defiance, Trion Worlds, Inc., 2014"
224540,"Ace of Spades: Battle Builder, Jagex Limited, 2012"
233450,"Prison Architect, Introversion Software, 2015"
215530,"The Incredible Adventures of Van Helsing, NeocoreGames, 2013"
359550,"Tom Clancy's Rainbow Six® Siege, Ubisoft Montreal, 2015"
383980,"Rivals of Aether, Dan Fornace, 2017"
391460,"WARMODE, WARTEAM, 2015"
10500,"Empire: Total War™, The Creative Assembly,Feral Interactive (Mac),Feral Interactive (Linux), 2009"
239160,"Thief, Eidos-Montréal,Feral Interactive (Mac), 2014"
322330,"Don't Starve Together, Klei Entertainment, 2016"
238460,"BattleBlock Theater®, The Behemoth, 2014"
39120,"RIFT, Trion Worlds, 2013"
328220,"Wild Season, Quickfire Games, 2015"
346560,"Hero of the Kingdom II, Lonely Troops, 2015"
239070,"Hammerwatch, Crackshell, 2013"
310380,"Fractured Space, Edge Case Games Ltd., 2016"
255710,"Cities: Skylines, Colossal Order Ltd., 2015"
10680,"Aliens vs. Predator™, Rebellion, 2010"
238320,"Outlast, Red Barrels, 2013"
201420,"Toki Tori 2+, Two Tribes, 2013"
300570,"Infinifactory, Zachtronics, 2015"
206210,"Gotham City Impostors Free to Play, Monolith Productions, Inc., 2012"
339610,"Freestyle 2: Street Basketball, Joycity, 2015"
13210,"Unreal Tournament 3 Black, Epic Games, Inc., 2007"
22120,"Penumbra: Black Plague Gold Edition, Frictional Games, 2009"
39150,"FINAL FANTASY VIII, Square Enix, 2013"
293780,"Crawl, Powerhoof, 2017"
244050,"Rise of Flight United, 777 Studios, 2013"
242720,"GunZ 2: The Second Duel, Masangsoft, Inc., 2014"
251630,"The Impossible Game, Grip Games, 2014"
55140,"MX vs. ATV Reflex, Double Helix Games,Rainbow Studios,THQ Nordic, 2010"
318430,"Squishy the Suicidal Pig, Tomi Maarela,Elias Viglione, 2014"
334230,"Town of Salem, BlankMediaGames, 2014"
225260,"Brutal Legend, Double Fine Productions, 2013"
45730,"Dark Void™ Zero, Other Ocean Interactive, 2010"
99400,"Garshasp: The Monster Slayer, Dead Mage, 2011"
213650,"Dwarfs - F2P, Power of 2, 2012"
233190,"Final Exam, Mighty Rocket Studio, 2013"
261880,"Corporate Lifestyle Simulator, DolphinBarn, 2014"
263760,"Turbo Dismount™, Secret Exit Ltd., 2014"
230840,"Daylight, Zombie Studios, 2014"
340050,"Survivalist, Bob the Game Development Bot, 2015"
220780,"Thomas Was Alone, Bithell Games, 2012"
237740,"Angry Video Game Nerd Adventures, FreakZone Games, 2013"
363970,"Clicker Heroes, Playsaurus, 2015"
4560,"Company of Heroes - Legacy Edition, Relic Entertainment, 2006"
224760,"FEZ, Polytron Corporation, 2013"
291480,"Warface, Crytek, 2014"
322910,"Warhammer 40,000: Regicide, Hammerfall Publishing, 2015"
246620,"Plague Inc: Evolved, Ndemic Creations, 2016"
393420,"Hurtworld, Bankroll Studios, 2015"
237870,"Planet Explorers, Pathea Games, 2016"
94400,"Nidhogg, Messhof, 2014"
238010,"Deus Ex: Human Revolution - Director's Cut, Eidos Montreal,Feral Interactive (Mac), 2013"
241930,"Middle-earth™: Shadow of Mordor™, Monolith Productions,Feral Interactive (Mac),Feral Interactive (Linux), 2014"
207140,"SpeedRunners, DoubleDutch Games, 2016"
302590,"Of Guards And Thieves, Subvert Games, 2016"
242880,"Sir, You Are Being Hunted, Big Robot Ltd, 2013"
49600,"Beat Hazard, Cold Beam Games, 2010"
109600,"Neverwinter, Cryptic Studios, 2013"
242050,"Assassin’s Creed® IV Black Flag™, Ubisoft Montreal, 2013"
330840,"Game of Thrones - A Telltale Games Series, Telltale Games, 2014"
248310,"Freedom Planet, GalaxyTrail, 2014"
259720,"Fading Hearts, Sakura River Interactive, 2009"
238430,"Contagion, Monochrome, Inc, 2013"
267750,"Shadowrun Chronicles - Boston Lockdown, Cliffhanger Productions, 2015"
293920,"Spirited Heart Deluxe, Winter Wolves, 2011"
400,"Portal, Valve, 2007"
305620,"The Long Dark, Hinterland Studio Inc., 2017"
323370,"TERA, Bluehole, Inc., 2015"
287920,"Mortal Online, Star Vault AB, 2015"
70000,"Dino D-Day, 800 North and Digital Ranch, 2011"
244410,"Supreme Ruler 1936, BattleGoat Studios, 2014"
17480,"Command &amp; Conquer: Red Alert 3, EA Los Angeles, 2008"
20500,"Red Faction Guerrilla Steam Edition, Volition,Reactor Zero,THQ Nordic, 2009"
263500,"Dragons and Titans, Wyrmbyte, 2014"
249650,"Blackguards, Daedalic Entertainment, 2014"
221180,"Eufloria HD, Rudolf Kremers &amp; Alex May,Tuna, 2014"
40800,"Super Meat Boy, Team Meat, 2010"
206190,"Gunpoint, Suspicious Developments, 2013"
268650,"From the Depths, Brilliant Skies Ltd., 2014"
285900,"Gang Beasts, Boneloaf, 2017"
239720,"PAC-MAN™ and the Ghostly Adventures, NAMCO BANDAI Games, 2013"
376560,"Big Fish Legend, Igry.ru, 2015"
42960,"Victoria II, Paradox Development Studio, 2010"
25890,"Hearts of Iron III, Paradox Development Studio, 2009"
236090,"Dust: An Elysian Tail, Humble Hearts LLC, 2013"
6860,"Hitman: Blood Money, Io-Interactive A/S, 2006"
17080,"Tribes: Ascend, Hi-Rez Studios, 2012"
273110,"Counter-Strike Nexon: Zombies, Nexon, 2014"
312280,"Simply Chess, BlueLine Games, 2015"
34900,"Bad Rats: the Rats' Revenge, Invent4 Entertainment, 2009"
354140,"Five Nights at Freddy's 3, Scott Cawthon, 2015"
34830,"Sniper: Ghost Warrior, City Interactive, 2010"
203140,"Hitman: Absolution™, Io-Interactive A/S,Feral Interactive (Mac), 2012"
204450,"Call of Juarez® Gunslinger, Techland, 2013"
41700,"S.T.A.L.K.E.R.: Call of Pripyat, GSC Game World, 2010"
24240,"PAYDAY™ The Heist, OVERKILL Software, 2011"
50130,"Mafia II, 2K Czech,Feral Interactive (Mac), 2011"
244450,"Men of War: Assault Squad 2, Digitalmindsoft, 2014"
11610,"Dragon Nest, Eyedentity Games Inc., 2012"
20900,"The Witcher: Enhanced Edition Director's Cut, CD PROJEKT RED, 2008"
330830,"Tales from the Borderlands, Telltale Games, 2014"
282070,"This War of Mine, 11 bit studios, 2014"
306130,"The Elder Scrolls® Online: Tamriel Unlimited™, Zenimax Online Studios, 2014"
67370,"The Darkness II, Digital Extremes, 2012"
205100,"Dishonored, Arkane Studios, 2012"
4920,"Natural Selection 2, Unknown Worlds Entertainment, 2012"
212800,"Super Crate Box, Vlambeer, 2010"
346120,"Boring Man - Online Tactical Stickman Combat, Spasman Games, 2014"
423880,"Carpe Diem, Eyzi, 2015"
4700,"Medieval II: Total War™, The Creative Assembly,Feral Interactive (Mac),Feral Interactive (Linux), 2006"
209730,"R.A.W. Realms of Ancient War, Wizarbox, 2012"
250400,"How to Survive, Eko Software, 2013"
57690,"Tropico 4, Haemimont Games, 2011"
242920,"Banished, Shining Rock Software LLC, 2014"
314020,"Morphopolis, Dan  Walters,Ceri Williams, 2014"
249130,"LEGO® Marvel™ Super Heroes, Traveller's Tales, 2013"
241600,"Rogue Legacy, Cellar Door Games, 2013"
58610,"Wargame: European Escalation, Eugen Systems, 2012"
263060,"Blockstorm, GhostShark, 2015"
24720,"SPORE™ Galactic Adventures, EA - Maxis, 2009"
216150,"MapleStory, Nexon, 2012"
416670,"Gunslingers, webgames, 2015"
287450,"Rise of Nations: Extended Edition, SkyBox Labs,Big Huge Games, 2014"
287390,"Metro: Last Light Redux, 4A Games, 2014"
204180,"Waveform, Eden Industries, 2012"
266010,"LYNE, Thomas Bowker, 2014"
235460,"METAL GEAR RISING: REVENGEANCE, PlatinumGames, 2014"
251060,"Wargame: Red Dragon, Eugen Systems, 2014"
327890,"I am Bread, Bossa Studios, 2015"
245170,"Skullgirls, Lab Zero Games, 2013"
7670,"BioShock™, 2K Boston,2K Australia, 2007"
214250,"I Am Alive, Ubisoft  Shanghaï, 2012"
274190,"Broforce, Free Lives, 2015"
304240,"Resident Evil / biohazard HD REMASTER, CAPCOM Co., Ltd., 2015"
21690,"Resident Evil™ 5/ Biohazard 5®, Capcom, 2009"
321360,"Primal Carnage: Extinction, Circle Five Studios,Pub Games, 2015"
239800,"Bleed, Ian Campbell, 2013"
329490,"Phantom Breaker: Battle Grounds, MAGES. Inc., 2015"
409160,"Dr. Langeskov, The Tiger, and The Terribly Cursed Emerald: A Whirlwind Heist, Crows Crows Crows, 2015"
265810,"The Sandbox, PIXOWL INC., 2015"
247000,"Talisman: Digital Edition, Nomad Games, 2014"
335330,"Brick-Force, Exe Games Inc., 2012"
351290,"Survival: Postapocalypse Now, TB Games, 2015"
40100,"Supreme Commander 2, Gas Powered Games, 2010"
357330,"Space Beast Terror Fright, nornware AB, 2015"
102500,"Kingdoms of Amalur: Reckoning™, Big Huge Games,38 Studios, 2012"
34870,"Sniper: Ghost Warrior 2, City Interactive, 2013"
266510,"Hand of Fate, Defiant Development, 2015"
321980,"Hardland, Mountain Sheep, 2014"
342300,"Zombie Kill of the Week - Reborn, Still Running, 2015"
35720,"Trine 2: Complete Story, Frozenbyte, 2013"
236110,"Dungeon Defenders II, Trendy Entertainment, 2017"
35140,"Batman: Arkham Asylum Game of the Year Edition, Rocksteady Studios,Feral Interactive (Mac), 2010"
367240,"Avenging Angel, Dark Amber Softworks, 2015"
201810,"Wolfenstein: The New Order, Machine Games, 2014"
65800,"Dungeon Defenders, Trendy Entertainment, 2011"
200710,"Torchlight II, Runic Games, 2012"
207250,"Cubemen, 3 Sprockets, 2012"
313340,"Mountain, David OReilly, 2014"
211400,"Deadlight, Tequila Works, S.L., 2012"
222750,"Wargame: Airland Battle, Eugen Systems, 2013"
1900,"Earth 2160, Reality Pump Studios, 2006"
339800,"HuniePop, HuniePot, 2015"
249870,"Scribblenauts Unmasked: A DC Comics Adventure, 5th Cell Media, 2013"
242860,"Verdun, M2H,Blackmill Games, 2015"
219890,"Antichamber, Alexander Bruce, 2013"
296470,"Mount Your Friends, Stegersaurus Software Inc., 2014"
91700,"E.Y.E: Divine Cybermancy, Streum On Studio, 2011"
235360,"Prime World: Defenders, Nival, 2013"
33230,"Assassin's Creed 2 Deluxe Edition, Ubisoft Montreal, 2010"
250420,"8BitMMO, Archive Entertainment, 2015"
418070,"Turbo Pug, Space Cat Studios,SnowFlame,Back To Basics Gaming, 2015"
301970,"Screencheat, Samurai Punk, 2014"
253610,"Wrack, Final Boss Entertainment, 2014"
360740,"Downwell, Moppin, 2015"
64000,"Men of War: Assault Squad, Digitalmindsoft, 2011"
230050,"DLC Quest, Going Loud Studios, 2013"
8970,"Axel &amp; Pixel, Silver Wish Games, 2010"
233290,"Murdered: Soul Suspect, Airtight Games, 2014"
335240,"Transformice, Atelier 801, 2015"
70300,"VVVVVV, Terry Cavanagh, 2010"
273350,"Evolve Stage 2, Turtle Rock Studios, 2015"
342560,"Airships: Conquer the Skies, David Stark, 2015"
305260,"Battle Islands, DR Studios, 2014"
22300,"Fallout 3, Bethesda Game Studios, 2008"
40400,"AI War: Fleet Command, Arcen Games, LLC, 2009"
307780,"Mortal Kombat X, NetherRealm Studios,High Voltage Software, 2015"
208480,"Assassin’s Creed® III, Ubisoft Montreal, 2012"
318220,"Enforcer: Police Crime Action, Odin Game Studio, 2014"
388090,"Five Nights at Freddy's 4, Scott Cawthon, 2015"
302670,"Call to Arms, Digitalmindsoft, 2016"
227580,"10,000,000, EightyEightGames, 2013"
228960,"Skulls of the Shogun, 17-BIT, 2013"
312210,"The Fifth Day, Touz, 2014"
293540,"Guns and Robots, Masthead Studios Ltd, 2014"
332070,"School of Dragons, JumpStart Games, Inc., 2014"
247240,"Volgarr the Viking, Crazy Viking Studios, 2013"
24960,"Battlefield: Bad Company™ 2, DICE, 2010"
215670,"Home, Benjamin Rivers Inc., 2012"
44350,"GRID 2, Codemasters Racing,Feral Interactive (Mac), 2013"
222980,"Dead Pixels, CSR-Studios, 2012"
207230,"ArcheBlade™, CodeBrush Games, 2014"
335190,"200% Mixed Juice!, Orange_Juice, 2015"
224480,"Octodad: Dadliest Catch, Young Horses, 2014"
326480,"If My Heart Had Wings, MoeNovel, 2013"
63380,"Sniper Elite V2, Rebellion, 2012"
297000,"Heroes® of Might &amp; Magic® III - HD Edition, DotEmu, 2015"
345820,"Shantae and the Pirate's Curse, WayForward, 2015"
226580,"F1 2014, Codemasters, 2014"
41800,"Gratuitous Space Battles, Positech Games, 2009"
267600,"Airport Simulator 2014, United Independent Entertainment GmbH, 2013"
24010,"Train Simulator, Dovetail Games, 2009"
284160,"BeamNG.drive, BeamNG, 2015"
295490,"Schrödinger’s Cat And The Raiders Of The Lost Quark, Italic Pig, 2014"
258180,"Deus Ex: The Fall, Square Enix, 2014"
47810,"Dragon Age: Origins - Ultimate Edition, BioWare, 2010"
2500,"Shadowgrounds, Frozenbyte, 2006"
281370,"Real Horror Stories Ultimate Edition, GameORE, 2014"
253770,"Bus-Simulator 2012, TML Studios, 2012"
233840,"Worms Clan Wars, Team17 Digital Ltd, 2013"
270090,"//N.P.P.D. RUSH//- The milk of Ultraviolet, Rail Slave Games, 2014"
395910,"Get Rich or Die Gaming, Baller Industries, 2010"
7520,"Two Worlds II HD, Reality Pump Studios, 2011"
17710,"Nuclear Dawn, GameConnect,InterWave Studios, 2011"
113400,"APB Reloaded, Reloaded Productions, 2011"
408990,"Timber and Stone, Games by Robert, LLC, 2015"
65780,"ARMA: Gold Edition, Bohemia Interactive, 2011"
303390,"Dead Bits, Microblast Games, 2014"
99900,"Spiral Knights, Grey Havens, 2011"
332310,"LEGO® Worlds, TT Games,Traveller's Tales, 2017"
48720,"Mount &amp; Blade: With Fire &amp; Sword, TaleWorlds Entertainment, 2011"
298240,"Red Crucible®: Firestorm, Rocketeer Games Studio, LLC, 2015"
236370,"Interstellar Marines, Zero Point Software, 2013"
245280,"ENSLAVED™: Odyssey to the West™ Premium Edition, Ninja Theory, 2013"
340170,"FINAL FANTASY TYPE-0™ HD, Square Enix, 2015"
25000,"Overgrowth, Wolfire Games, 2017"
22350,"BRINK, Splash Damage, 2011"
98400,"Hard Reset Extended Edition, Flying Wild Hog, 2012"
331500,"Executive Assault, Hesketh Studios, 2015"
363360,"Interstellar Rift, Split Polygon, 2015"
263280,"SPINTIRES™, Oovee® Game Studios, 2014"
24740,"Burnout Paradise: The Ultimate Box, Criterion Games, 2009"
208650,"Batman™: Arkham Knight, Rocksteady Studios, 2015"
35480,"Dwarfs!?, Power of 2, 2011"
219830,"King Arthur's Gold, Transhuman Design, 2013"
15620,"Warhammer 40,000: Dawn of War II, Relic Entertainment,Feral Interactive (Mac/Linux), 2009"
250260,"Jazzpunk: Director's Cut, Necrophone Games, 2014"
237990,"The Banner Saga, Stoic, 2014"
8170,"Battlestations Pacific, Eidos Studio Hungary, 2009"
265890,"Hexcells, Matthew Brown, 2014"
395520,"Missing Translation, AlPixel Games,Luis Diaz,Gustavo Santos,Albert Fernandez,Tice Thomason, 2015"
225600,"Blade Symphony, Puny Human, 2014"
234670,"NARUTO SHIPPUDEN: Ultimate Ninja STORM 3 Full Burst HD, CyberConnect2 Co. Ltd., 2013"
71340,"Sonic Generations Collection, Devil's Details, 2011"
203650,"Sonic the Hedgehog 4 - Episode II, SEGA, 2012"
238090,"Sniper Elite 3, Rebellion, 2014"
329440,"Sonic Lost World, Sonic Team, 2015"
304410,"Hexcells Infinite, Matthew Brown, 2014"
57740,"Jagged Alliance - Back in Action, Coreplay GmbH,Bigmoon Studios, 2012"
274170,"Hotline Miami 2: Wrong Number, Dennaton Games, 2015"
313080,"The Masterplan, Shark Punch, 2015"
374450,"Cheats 4 Hire, Travian Games GmbH, 2015"
98200,"Frozen Synapse, Mode 7, 2011"
324260,"VoidExpanse, AtomicTorch Studio, 2015"
348620,"Voices from the Sea, Zeiva Inc, 2014"
250760,"Shovel Knight: Treasure Trove, Yacht Club Games, 2014"
282800,"100% Orange Juice, Orange_Juice, 2013"
238240,"Edge of Space, Handyman Studios, 2015"
274560,"Revolution Ace, Laser Guided Games, LLC, 2014"
245470,"Democracy 3, Positech Games, 2013"
29180,"Osmos, Hemisphere Games, 2009"
26500,"Cogs, Lazy 8 Studios, 2009"
55040,"Atom Zombie Smasher, Blendo Games, 2011"
99700,"NightSky, Nicalis, Inc., 2011"
16450,"F.E.A.R. 2: Project Origin, Monolith, 2009"
307670,"Hard West, CreativeForge Games, 2015"
230980,"Starseed Pilgrim, Droqen, 2013"
48800,"Ship Simulator Extremes, VStep, 2010"
250500,"Super Amazing Wagon Adventure, sparsevector, 2013"
367580,"Hook, Maciej Targoni,Wojciech Wasiak, 2015"
244930,"SNOW, Poppermost Productions, 2013"
50300,"Spec Ops: The Line, Yager Development, 2012"
214830,"Half Minute Hero: Super Mega Neo Climax Ultimate Boy, Opus, 2012"
220860,"McPixel, Sos, 2012"
263980,"Out There Somewhere, MiniBoss, 2016"
251870,"Go! Go! Nippon! ~My First Trip to Japan~, OVERDRIVE, 2011"
108800,"Crysis 2 - Maximum Edition, Crytek Studios, 2011"
40700,"Machinarium, Amanita Design, 2009"
211260,"They Bleed Pixels, Spooky Squid Games Inc., 2012"
236450,"PAC-MAN™ Championship Edition DX+, Mine Loader Software Co., Ltd., 2013"
227600,"Castle of Illusion, SEGA Studios Australia,Feral Interactive (Mac), 2013"
252150,"Grimm, Spicyhorse Games, 2014"
92300,"A.R.E.S.: Extinction Agenda, Extend Studio, 2011"
232970,"Thunder Wolves, Most Wanted Entertainment, 2013"
316390,"sZone-Online, Cybertime System, 2015"
104700,"Super MNC, Uber Entertainment, 2012"
17470,"Dead Space, EA Redwood Shores, 2008"
298160,"Eldevin, Hunted Cow Studios, 2014"
289650,"Assassin's Creed® Unity, Ubisoft, 2014"
242820,"140, Carlsen Games, 2013"
300380,"Road Redemption, Pixel Dash Studios, EQgames, 2017"
253250,"Stonehearth, Radiant Entertainment, 2015"
351730,"On My Own, Chad Close,Kyle Weik, 2016"
265550,"Dead Rising 3 Apocalypse Edition, Capcom Game Studio Vancouver, 2014"
389570,"Mitos.is: The Game, Freakinware Studios, 2015"
308420,"Ziggurat, Milkstone Studios, 2014"
232790,"Broken Age, Double Fine Productions, 2014"
12220,"Grand Theft Auto: Episodes from Liberty City, Rockstar North / Toronto, 2010"
1930,"Two Worlds Epic Edition, Reality Pump Studios, 2009"
268400,"Panzer Corps, Flashback Games,The Lordz Games Studio, 2011"
10220,"Postal III, Trashmasters, 2011"
45100,"Secret of the Magic Crystals, Artery Games, 2010"
202130,"Impire, Cyanide Montreal, 2013"
331220,"Thief Town, Glass Knuckle Games, 2014"
227100,"Sniper Elite: Nazi Zombie Army, Rebellion, 2013"
241560,"The Crew™, Ivory Tower in collaboration with Ubisoft Reflections, 2014"
263540,"Villagers and Heroes, Mad Otter Games, 2014"
220440,"DmC: Devil May Cry, Ninja Theory, 2013"
1670,"Iron Warriors: T - 72 Tank Command, Strategy First, 2006"
270570,"Reversion - The Escape (1st Chapter), 3f Interactive, 2012"
35700,"Trine Enchanted Edition, Frozenbyte, 2009"
247020,"Cook, Serve, Delicious!, Vertigo Gaming Inc., 2013"
343780,"Cat Goes Fishing, Cat5Games, 2015"
271860,"Super Killer Hornet: Resurrection, Flump Studios, 2014"
253690,"Tiny Brains, Spearhead Games, 2013"
33460,"From Dust, Ubisoft Montpellier, 2011"
220260,"Farming Simulator 2013 Titanium Edition, Giants Software, 2013"
201790,"Orcs Must Die! 2, Robot Entertainment, 2012"
212160,"Vindictus, Nexon, 2012"
386510,"Pyramid Raid, Travian Games GmbH, 2015"
260230,"Valiant Hearts: The Great War™ / Soldats Inconnus : Mémoires de la Grande Guerre™, Ubisoft Montpellier, 2014"
262060,"Darkest Dungeon®, Red Hook Studios, 2016"
8340,"Strong Bad's Cool Game for Attractive People: Season 1, Telltale Games, 2008"
254440,"Pool Nation, Cherry Pop Games, 2013"
45760,"Ultra Street Fighter® IV, Capcom, 2014"
207750,"Symphony, Empty Clip Studios, 2012"
300040,"Divine Souls F2P MMO, GamePrix, 2014"
387240,"Steel Rain, PolarityFlow,Adrian Zingg, 2015"
256190,"Enemy Front, CI Games, 2014"
315430,"Polarity, Bluebutton Games, 2014"
342970,"Pixel Survivors, Sachonski,Renamilanesi,Sith, 2016"
40930,"The Misadventures of P.B. Winterbottom, The Odd Gentlemen, 2010"
284140,"Majestic Nights, Epiphany Games, 2014"
300,"Day of Defeat: Source, Valve, 2010"
304650,"SUNLESS SEA, Failbetter Games, 2015"
235800,"Audiosurf 2, Dylan Fitterer, 2015"
275100,"Shelter 2, Might and Delight, 2015"
306020,"Bloons TD 5, Ninja Kiwi, 2014"
255420,"Magic 2015 - Duels of the Planeswalkers, Stainless Games, 2014"
282900,"Hyperdimension Neptunia Re;Birth1 / 超次次元ゲイム ネプテューヌRe;Birth1 / 超次次元遊戲戰機少女重生1, IDEA FACTORY Co., Ltd.,COMPILE HEART Co., Ltd.,FELISTELLA Co., Ltd., 2015"
311340,"METAL GEAR SOLID V: GROUND ZEROES, Kojima Productions, 2014"
351790,"Invisible Apartment, Milan Kazarka,Jeroen van Oosten, 2015"
260430,"The Four Kings Casino and Slots, Digital Leisure Inc., 2015"
212480,"Sonic &amp; All-Stars Racing Transformed, Sumo Digital, 2013"
33980,"Pound of Ground, Centauri Production, 2010"
222480,"Resident Evil Revelations / Biohazard Revelations, Capcom, 2013"
336380,"Catmouth Island, Colonthree Enterprises, 2014"
229580,"Dream, HyperSloth, 2015"
239200,"Amnesia: A Machine for Pigs, The Chinese Room, 2013"
297120,"Heavy Bullets, Terri Vellmann, 2014"
329830,"The Moon Sliver, David Szymanski, 2014"
34030,"Napoleon: Total War™, The Creative Assembly,Feral Interactive (Mac), 2010"
311400,"OCEAN CITY RACING: Redux, OCR Dev Team,Onur Uça, 2016"
390670,"Steel Ocean, ICE Entertainment, 2015"
22330,"The Elder Scrolls IV: Oblivion® Game of the Year Edition, Bethesda Game Studios, 2007"
9900,"Star Trek Online, Cryptic Studios, 2010"
402840,"Crusaders of the Lost Idols, Codename Entertainment Inc., 2015"
9420,"Supreme Commander: Forged Alliance, Gas Powered Games, 2011"
50620,"Darksiders™, Vigil Games, 2010"
214560,"Mark of the Ninja, Klei Entertainment, 2012"
399790,"Destiny Warriors RPG, ninjalex, 2015"
234710,"Poker Night 2, Telltale Games, 2013"
92800,"SpaceChem, Zachtronics, 2011"
307070,"Memories of a Vagabond, DarkElite, 2014"
259680,"Tales of Maj'Eyal, Netcore Games, 2012"
244710,"Shelter, Might and Delight, 2013"
6880,"Just Cause, Avalanche Studios, 2006"
314160,"Microsoft Flight Simulator X: Steam Edition, Microsoft Game Studios, 2006"
386360,"SMITE®, Hi-Rez Studios, 2015"
353560,"Plug &amp; Play, Mario von Rickenbach,Michael Frei, 2015"
293500,"Amazing World™, Ganz, 2014"
55150,"Warhammer 40,000: Space Marine, Relic, 2011"
204630,"Retro City Rampage™ DX, Vblank Entertainment, Inc., 2014"
35460,"The Ball, Teotl Studios, 2010"
99300,"Renegade Ops, Avalanche Studios, 2011"
92100,"DETOUR, Sandswept Studios, 2011"
10130,"TimeShift™, Saber Interactive, 2007"
45770,"Dead Rising 2: Off the Record, Capcom Vancouver, 2011"
263960,"Wyv and Keep: The Temple of the Lost Idol, A Jolly Corpse, 2014"
267610,"Woodcutter Simulator 2013, United Independent Entertainment GmbH, 2013"
201310,"X3: Albion Prelude, Egosoft, 2011"
209670,"Cortex Command, Data Realms, 2012"
2870,"X Rebirth, Egosoft, 2013"
251430,"The Inner World, Studio Fizbin, 2013"
303210,"The Beginner's Guide, Everything Unlimited Ltd., 2015"
368990,"Despair, AGC, 2015"
206500,"AirMech Strike, Carbon Games, 2012"
212200,"Mabinogi, NEXON Korea Corp., 2012"
247730,"Nether: Resurrected, Phosphor Games Studio, 2014"
271240,"Offworld Trading Company, Mohawk Games, 2016"
227180,"Kingdom Wars, Reverie World Studios, 2013"
398710,"Timberman, Digital Melody, 2015"
38720,"RUSH, Two Tribes, 2010"
23450,"Grand Ages: Rome, Haemimont Games, 2009"
228300,"Remember Me, DONTNOD Entertainment, 2013"
261180,"Lethal League, Team Reptile, 2014"
2310,"QUAKE, id Software, 2007"
237110,"Mortal Kombat Komplete Edition, NetherRealm Studios,High Voltage Software, 2013"
270150,"RUNNING WITH RIFLES, Osumia Games, 2015"
327860,"Salt, Lavaboots Studios, 2014"
375510,"New kind of adventure, Mint Age Studios, 2015"
214790,"The Basement Collection, Edmund McMillen,Tyler Glaiel, 2012"
250380,"Knock-knock, Ice-Pick Lodge, 2013"
234390,"Teleglitch: Die More Edition, Test3 Projects, 2013"
235600,"Tom Clancy’s Splinter Cell Blacklist, Ubisoft Toronto, 2013"
250580,"Paranautical Activity: Deluxe Atonement Edition, Digerati Distribution, 2013"
16710,"Insecticide Part 1, Crackpot Entertainment, 2008"
235250,"Super Sanctum TD, Coffee Stain Studios, 2013"
247080,"Crypt of the NecroDancer, Brace Yourself Games, 2015"
290770,"The Fall, Over The Moon, 2014"
17460,"Mass Effect, BioWare, 2008"
208200,"Doom 3: BFG Edition, id Software, 2012"
327640,"CaesarIA, rdt.32, 2015"
268050,"The Evil Within, Tango Gameworks, 2014"
397340,"SimplePlanes, Jundroo, LLC, 2015"
275670,"Space Run, Passtech Games, 2014"
22600,"Worms Reloaded, Team17 Digital Ltd, 2010"
227260,"DisplayFusion, Binary Fortress Software, 2013"
367570,"oO, Maciej Targoni,Wojciech Wasiak, 2015"
55100,"Homefront, Kaos Studios,Digital Extremes, 2011"
321830,"Cavern Kings, Vine, 2014"
2400,"The Ship: Murder Party, Outerlight Ltd., 2006"
376870,"Minecraft: Story Mode - A Telltale Games Series, Telltale Games, 2015"
285920,"TerraTech, Payload Studios, 2015"
294160,"Galcon 2: Galactic Conquest, Hassey Enterprises, Inc., 2014"
301460,"Electronic Super Joy: Groove City, Michael Todd Games,Yazar Media Group LLC, 2014"
330570,"Noct, C3SK, 2015"
273770,"Game Tycoon 1.5, Sunlight Games, 2014"
292140,"FINAL FANTASY® XIII-2, Square Enix, 2014"
412400,"GASP, Dark Day Interactive, 2015"
232430,"Gone Home, Fullbright, 2013"
242680,"Nuclear Throne, Vlambeer, 2015"
232050,"Eador. Masters of the Broken World, Snowbird Games, 2013"
226860,"Galactic Civilizations III, Stardock Entertainment, 2015"
203350,"King's Bounty: Warriors of the North, 1C-SoftClub, 2012"
235540,"Warhammer: End Times - Vermintide, Fatshark, 2015"
274270,"NOT A HERO, Roll7, 2015"
397430,"Zoombinis, TERC, 2015"
231310,"MirrorMoon EP, Santa Ragione, 2013"
261920,"Catzilla 4K - Advanced, ALLPlayer Group Ltd., 2014"
207080,"Indie Game: The Movie, BlinkWorks Media, 2012"
98600,"Demolition Inc., Zeroscale, 2011"
355840,"Survarium, Vostok Games, 2015"
48000,"LIMBO, Playdead, 2011"
57640,"Broken Sword: Director's Cut, Revolution Software Ltd, 2010"
203830,"The Dark Eye: Chains of Satinav, Daedalic Entertainment, 2012"
237630,"DuckTales: Remastered, WayForward, 2013"
214510,"LEGO The Lord of the Rings, Traveller's Tales, 2012"
234490,"Rush Bros., XYLA Entertainment, 2013"
327410,"A Bird Story, Freebird Games, 2014"
272510,"NARUTO SHIPPUDEN: Ultimate Ninja STORM Revolution, CyberConnect2 Co., Ltd., 2014"
202750,"Alan Wake's American Nightmare, Remedy Entertainment, 2012"
269210,"Hero Siege, Elias Viglione,Jussi Kukkonen, 2014"
357650,"Project Explore, Sebastian Nigro, 2017"
262120,"Toy Soldiers: Complete, Signal Studios,Krome Studios, 2016"
275200,"Westerado: Double Barreled, Ostrich Banditos, 2015"
269290,"liteCam Game: 100 FPS Game Capture, Rsupport Inc., 2014"
7860,"NecroVision, The Farm 51, 2009"
252350,"Double Dragon: Neon, WayForward,Abstraction Games, 2014"
262260,"Jets'n'Guns Gold, Rake in Grass, 2014"
337320,"Paint the Town Red, South East Games, 2015"
383120,"Empyrion - Galactic Survival, Eleon Game Studios, 2015"
356070,"Commander Cool 2, Orlyapps, 2015"
384150,"TeraBlaster, Black Shell Games, 2015"
246070,"Hack 'n' Slash, Double Fine Productions, 2014"
317510,"Beyond Gravity, Qwiboo Ltd, 2014"
357900,"Make it indie!, Sometimes You, 2015"
91800,"Cloning Clyde, Bacon Wrapped Games, 2011"
319050,"Chaos Reborn, Snapshot Games Inc., 2015"
63800,"Delve Deeper, Lunar Giant, 2010"
274900,"Murder Miners, JForce Games, 2014"
12500,"PuzzleQuest: Challenge of the Warlords, Infinite Interactive, 2007"
4570,"Warhammer® 40,000: Dawn of War® - Game of the Year Edition, Relic Entertainment, 2006"
282140,"SOMA, Frictional Games, 2015"
20540,"Company of Heroes: Tales of Valor, Relic Entertainment, 2009"
233980,"UnEpic, @unepic_fran, 2014"
48190,"Assassin’s Creed® Brotherhood, Ubisoft Montreal, 2011"
29800,"Caster, Elecorn, 2009"
204240,"The Bridge, Ty Taylor and Mario Castañeda,The Quantum Astrophysicists Guild, 2013"
240970,"Half Minute Hero: The Second Coming, Opus, 2014"
63710,"BIT.TRIP RUNNER, Gaijin Games, 2011"
280010,"Gunjitsu, Decent Machine, 2015"
17330,"Crysis Warhead®, Crytek, 2008"
217140,"Rise of the Triad, Interceptor Entertainment, 2013"
356670,"Spooky's Jump Scare Mansion, Lag Studios, 2015"
333980,"AKIBA'S TRIP: Undead ＆ Undressed, ACQUIRE Corp., 2015"
300080,"Total War Battles: KINGDOM, Creative Assembly, 2016"
290790,"Grey Goo, Petroglyph, 2015"
263740,"FootLOL: Epic Fail League, Lion's Shade, 2013"
398100,"Highschool Romance, Dharker Studio, 2015"
39140,"FINAL FANTASY VII, Square Enix, 2013"
404480,"SC2VN - The eSports Visual Novel, Team Eleven Eleven, 2015"
248390,"Craft The World, Dekovir Entertainment, 2014"
270210,"Melody's Escape, Icetesy SPRL, 2016"
249630,"Delver, Priority Interrupt, 2013"
298600,"Lovely Planet, QUICKTEQUILA, 2014"
246580,"The Typing of The Dead: Overkill, Modern Dream, 2013"
22650,"Alien Breed 2: Assault, Team17 Digital Ltd, 2010"
263420,"Probably Archery, South East Games, 2014"
354240,"Please, Don’t Touch Anything, Four Quarters, 2015"
290730,"My Lands: Black Gem Hunting, Gravvit Ltd,Forbes  Consult Ltd, 2014"
291650,"Pillars of Eternity, Obsidian Entertainment, 2015"
234140,"Mad Max, Avalanche Studios,Feral Interactive (Mac/Linux), 2015"
287100,"Chaos Domain, Holy Warp,Black Wing Foundation, 2014"
4580,"Warhammer® 40,000: Dawn of War® - Dark Crusade, Relic Entertainment, 2006"
223830,"Xenonauts, Goldhawk Interactive, 2014"
360,"Half-Life Deathmatch: Source, Valve, 2006"
243800,"Gas Guzzlers Extreme, Gamepires, 2013"
18820,"Zero Gear, Brian Cronin, 2010"
307880,"Savage Lands, Signal Studios,Smart Ghost, 2015"
270450,"Robot Roller-Derby Disco Dodgeball, Erik Asmussen, 2015"
351990,"Riff Racer - Race Your Music!, FOAM Entertainment, 2016"
260160,"The Last Tinker™: City of Colors, Mimimi Productions, 2014"
278360,"A Story About My Uncle, Gone North Games, 2014"
316260,"Disney Universe, Eurocom, 2011"
318130,"Doom &amp; Destiny, Heartbit Interactive, 2011"
230700,"La-Mulana, NIGORO, 2013"
263680,"Unearthed: Trail of Ibn Battuta - Episode 1 - Gold Edition, Semaphore, 2014"
299460,"Woodle Tree Adventures, Fabio Ferrara, 2014"
15120,"Tom Clancy's Rainbow Six® Vegas 2, Ubisoft Montreal, 2008"
3320,"Insaniquarium Deluxe, PopCap Games, Inc., 2006"
360640,"12 Labours of Hercules II: The Cretan Bull, Jetdogs Studios,Zoom Out Games, 2015"
39210,"FINAL FANTASY XIV Online, Square Enix, 2014"
236790,"Agricultural Simulator 2013 - Steam Edition, Actalogic, 2013"
28000,"Kane &amp; Lynch 2: Dog Days, IO Interactive, 2010"
205910,"Tiny and Big: Grandpa's Leftovers, Black Pants Studio, 2012"
242800,"Day One : Garry's Incident, Wild Games Studio, 2013"
359050,"Shower With Your Dad Simulator 2015: Do You Still Shower With Your Dad, marbenx, 2015"
2420,"The Ship: Single Player, Outerlight Ltd., 2006"
320140,"Absolute Drift, Funselektor Labs Inc.,FlippFly, 2015"
267530,"The LEGO® Movie - Videogame, TT Fusion,Traveller's Tales,Feral Interactive (Mac), 2014"
260210,"Assassin’s Creed® Liberation HD, Ubisoft Sofia, 2014"
254700,"resident evil 4 / biohazard 4, Capcom, 2014"
292120,"FINAL FANTASY® XIII, Square Enix, 2014"
263320,"Saturday Morning RPG, Mighty Rabbit Studios, 2014"
232750,"Mars: War Logs, Spiders, 2013"
313160,"Farming Simulator 15, Giants Software, 2014"
226740,"Monster Loves You!, Radial Games Corp,Dejobaan Games, LLC, 2013"
307170,"Borealis, Conrad Nelson, 2014"
386880,"Rake, Konsordo, 2015"
22100,"Mount &amp; Blade, TaleWorlds Entertainment, 2008"
378720,"Thea: The Awakening, MuHa Games, 2015"
339350,"Choice of Robots, Choice of Games, 2014"
343270,"Disillusions Manga Horror, StephenAllen, 2013"
302970,"Radiant Defense, Hexage, 2014"
45300,"Wings of Prey, Gaijin Entertainment, 2009"
12200,"Bully: Scholarship Edition, Rockstar New England, 2008"
21660,"Street Fighter® IV, Capcom, 2009"
24980,"Mass Effect 2, BioWare, 2010"
61310,"Fractal: Make Blooms Not War, Cipher Prime Studios, 2011"
91600,"Sanctum, Coffee Stain Studios, 2011"
99910,"Puzzle Pirates, Three Rings, 2011"
263400,"War of the Human Tanks, Yakiniku Banzai, 2012"
310080,"Hatoful Boyfriend, Mediatonic,Hato Moa,The Irregular Corporation, 2014"
393410,"World of Soccer online, Johannes Eski, 2015"
302270,"Dungeon Defenders Eternity, Nom Nom Games, 2014"
225080,"Brothers - A Tale of Two Sons, Starbreeze Studios AB, 2013"
91900,"Post Apocalyptic Mayhem, Steel Monkeys, 2011"
96000,"The Tiny Bang Story, Colibri Games, 2011"
270490,"The Forest of Doom, Tin Man Games, 2014"
331440,"bit Dungeon II, KintoGames, 2014"
324120,"Verde Station, Duelboot, 2014"
23490,"Tropico 3, Haemimont Games, 2009"
208140,"Endless Space® - Collection, AMPLITUDE Studios, 2012"
324080,"Rising World, JIW-Games, 2014"
17430,"Need for Speed Undercover, EA Black Box, 2008"
32800,"Lord of the Rings: War in the North, Snowblind Studios, 2011"
204080,"The Showdown Effect, Arrowhead Game Studios, 2013"
244590,"Epigenesis, Dead Shark Triplepunch, 2014"
2700,"RollerCoaster Tycoon® 3: Platinum, Frontier,Aspyr (Mac), 2006"
12430,"SlamIt Pinball Big Score, Technetium Games, 2009"
55110,"Red Faction®: Armageddon™, Volition, 2011"
381120,"Shoppe Keep, Strange Fire, 2016"
34010,"Alpha Protocol™, Obsidian Entertainment, 2010"
258970,"Gauntlet™ Slayer Edition, Arrowhead Game Studios, 2014"
280180,"Hover, Midgar Studio,Fusty Game, 2017"
242570,"Space Hulk, Full Control Studios, 2013"
277590,"Assassin's Creed Freedom Cry, Ubisoft Montreal, 2014"
42120,"Lead and Gold: Gangs of the Wild West, Fatshark, 2010"
70100,"Hacker Evolution, exosyphen studios, 2010"
222520,"Champions of Regnum, NGD Studios, 2013"
258520,"The Vanishing of Ethan Carter, The Astronauts, 2014"
367670,"Controller Companion, Koga Tech Limited, 2015"
220900,"Jack Lumber, Owlchemy Labs, 2013"
295990,"Evopollution, Atapki, 2014"
219680,"Proteus, Ed Key and David Kanaga, 2013"
403190,"Planetbase, Madruga Works, 2015"
225280,"Full Mojo Rampage, Over the Top Games, 2014"
15000,"Tom Clancy's Rainbow Six Lockdown™, Red Storm Entertainment, 2006"
337040,"Deadnaut, Screwfly Studios, 2014"
350150,"Scraps: Modular Vehicle Combat, Moment Studio, 2015"
335840,"Goats on a Bridge, Cabygon, 2015"
401190,"Dinosaur Hunt, Racing Bros, 2015"
332500,"GRAV, BitMonster, Inc., 2015"
317820,"Guild of Dungeoneering, Gambrinous, 2015"
207490,"Rayman® Origins, UBIart Montpellier,Feral Interactive (Mac), 2012"
266490,"Lili: Child of Geos - Complete Edition, BitMonster, Inc., 2014"
252330,"Slender: The Arrival, Blue Isle Studios, 2013"
360940,"The Mean Greens - Plastic Warfare, Virtual Basement LLC,Code Headquarters LLC, 2015"
222730,"Reus, Abbey Games, 2013"
247950,"Sacred 3, Keen Games, 2014"
340340,"Domestic Dog, Sean Davy, 2014"
233150,"LUFTRAUSERS, Vlambeer, 2014"
201570,"Really Big Sky, Boss Baddie, 2012"
384310,"Dead In Bermuda, CCCP, 2015"
1510,"Uplink, Introversion Software, 2006"
250620,"Among the Sleep - Enhanced Edition, Krillbite Studio, 2017"
4500,"S.T.A.L.K.E.R.: Shadow of Chernobyl, GSC Game World, 2007"
281820,"Explodemon, Curve Studios, 2011"
318530,"Wings of Vi, Grynsoft, 2014"
209540,"Strike Suit Zero, Born Ready Games Ltd., 2013"
246700,"Strike Vector, Ragequit Corporation, 2014"
301760,"Disney•Pixar Cars 2: The Video Game, Avalanche Software, 2011"
102700,"A.V.A. Alliance of Valiant Arms™, Red Duck Inc., 2011"
375820,"Human Resource Machine, Tomorrow Corporation, 2015"
385830,"Burgers, storm_sharks, 2015"
288470,"Fable Anniversary, Lionhead Studios, 2014"
27020,"The Graveyard, Tale of Tales, 2008"
252530,"OMSI 2: Steam Edition, MR-Software GbR, 2013"
410340,"Liftoff, LuGus Studios, 2015"
280740,"Aperture Tag: The Paint Gun Testing Initiative, Aperture Tag Team, 2014"
248800,"Dysfunctional Systems: Learning to Manage Chaos, Dischan Media, 2013"
345200,"Tasty Blue, Dingo Games, 2015"
200910,"Before the Echo, Iridium Studios, 2011"
215280,"Secret World Legends, Funcom, 2017"
338000,"Echoes+, Binary Zoo,The Game Creators, 2015"
274290,"Gods Will Be Watching, Deconstructeam, 2014"
227860,"Castle Story, Sauropod Studio, 2017"
41000,"Serious Sam HD: The First Encounter, Croteam, 2009"
108500,"Vessel, Strange Loop Games, 2012"
243450,"Urban Trial Freestyle, Tate Multimedia, 2013"
248650,"Draw a Stickman: EPIC, Hitcents, 2013"
350080,"Wolfenstein: The Old Blood, MachineGames, 2015"
15100,"Assassin's Creed™: Director's Cut Edition, Ubisoft Montreal, 2008"
70400,"Recettear: An Item Shop's Tale, EasyGameStation, 2010"
250640,"Croixleur Sigma, souvenir circ., 2014"
263300,"BlazBlue: Calamity Trigger, Arc System Works, 2014"
43500,"M.U.D. TV, Realmforge Studios, 2010"
287290,"Resident Evil Revelations 2 / Biohazard Revelations 2, CAPCOM Co., Ltd., 2015"
38600,"Faerie Solitaire, Subsoap, 2010"
15320,"IL-2 Sturmovik: 1946, 1C: Maddox Games, 2006"
232010,"Euro Truck Simulator, SCS Software, 2008"
354380,"Assassin’s Creed® Chronicles: China, Climax Studios, 2015"
240600,"MotoGP™13, Milestone S.r.l., 2013"
241260,"Sherlock Holmes: Crimes and Punishments, Frogwares, 2014"
9200,"RAGE, id Software, 2011"
222140,"Puddle, Neko Entertainment, 2012"
65300,"Dustforce DX, Hitbox Team, 2012"
18500,"Defense Grid: The Awakening, Hidden Path Entertainment, 2008"
346250,"The Old Tree, Red Dwarf Games, 2012"
361800,"Tree of Life, oddonegames, 2017"
207350,"Ys Origin, Nihon Falcom, 2012"
289340,"Freight Tycoon Inc., Nikita, 2007"
42890,"Sword of the Stars: Complete Collection, Kerberos Productions Inc., 2008"
283880,"Heroine's Quest: The Herald of Ragnarok, Crystal Shard, 2014"
228260,"Fallen Enchantress: Legendary Heroes, Stardock Entertainment, 2013"
236150,"Starpoint Gemini 2, Little Green Men Games, 2014"
236730,"Anomaly 2, 11 bit studios, 2013"
45740,"Dead Rising® 2, Capcom Vancouver, 2010"
261700,"Eryi's Action, Xtal Sword, 2013"
226720,"LOST PLANET® 3, Spark Unlimited, 2013"
65790,"ARMA: Cold War Assault, Bohemia Interactive, 2011"
233740,"Organ Trail: Director's Cut, The Men Who Wear Many Hats, 2013"
201510,"Flatout 3: Chaos &amp; Destruction, Team 6 Studios, 2011"
231140,"Cities XL Platinum, Focus Home Interactive, 2013"
293900,"Pivvot, Fixpoint Productions Ltd., 2014"
351510,"Quiplash, Jackbox Games, Inc., 2015"
348290,"Hospital Manager, CCCP, 2014"
258200,"Talisman: Prologue, Nomad Games, 2013"
105800,"PixelJunk™ Eden, Q-Games Ltd., 2012"
302510,"Ryse: Son of Rome, Crytek, 2014"
353090,"Chicken Invaders 5, InterAction studios, 2015"
259450,"Drifter, Celsius Game Studios, 2014"
231060,"Ragnarok Online 2, Gravity, Inc., 2013"
213330,"LEGO® Batman 2 DC Super Heroes™, TT Games, 2012"
38740,"EDGE, Two Tribes, 2011"
214770,"Guacamelee! Gold Edition, DrinkBox Studios, 2013"
231740,"Knights of Pen and Paper +1 Edition, Behold Studios, 2013"
47890,"The Sims™ 3, The Sims Studio, 2009"
290140,"Echo of Soul, Mr. Blue, 2015"
290000,"DubWars, MURA Interactive, 2016"
377860,"Mushihimesama, CAVE Interactive CO.,LTD., 2015"
356520,"Port of Call, Underdog Games, 2015"
363270,"O3DX, Egamea Game Studios, 2016"
369400,"Let the Cat in, Eforb, 2015"
221540,"DG2: Defense Grid 2, Hidden Path Entertainment, 2014"
398840,"War of Beach, LUCKY GIRLS LIMITED, 2015"
364690,"SUPER DISTRO, KITATUS STUDIOS, 2015"
26800,"Braid, Number None, 2009"
233270,"Far Cry 3 - Blood Dragon, Ubisoft Montreal, 2013"
391720,"Layers of Fear, Bloober Team SA, 2016"
274250,"OlliOlli, Roll7,General Arcade, 2014"
297110,"Cosmic DJ, Gl33k, 2014"
299660,"6180 the moon, Turtle Cream,PokPoong Games, 2014"
259530,"Savant - Ascent, D-Pad Studio, 2013"
328500,"Potatoman Seeks the Troof, Pixeljam, 2014"
328940,"The Deer God, Crescent Moon Games,Cinopt Studios, 2015"
234650,"Shadowrun Returns, Harebrained Schemes, 2013"
251170,"Damned, 9heads Game Studios, 2014"
357480,"Frozen Free Fall: Snowball Fight, SuperVillain Studios, 2015"
290300,"Rebel Galaxy, Double Damage Games, 2015"
318100,"AXYOS, Axyos Games, 2014"
307290,"Velvet Sundown, Tribe Studios, 2014"
291010,"The Hat Man: Shadow Ward, Game Mechanics, 2016"
314660,"Oddworld: New 'n' Tasty, Just Add Water (Developments), Ltd., 2015"
15390,"Brothers in Arms: Hell's Highway™, Gearbox Software, 2008"
57600,"Tropico 3: Absolute Power, Haemimont Games, 2010"
250460,"Bridge Constructor, ClockStone, 2013"
285050,"Showtime!, Myrtilus Entertainment, 2013"
310790,"Geometry Wars™ 3: Dimensions Evolved, Lucid Games,Aspyr (Mac &amp; Linux), 2014"
319740,"There Came an Echo, Iridium Studios, 2015"
209270,"Hero Academy, Robot Entertainment, 2012"
290650,"Time Ramesside (A New Reckoning), Panzer Gaming Studios, 2015"
8600,"RACE 07, SimBin, 2007"
273840,"Stock Car Extreme, Reiza Studios, 2015"
269270,"LOVE, Fred Wood, 2014"
314300,"CubeZ, Imaekgames [Imaek Limited], 2014"
409590,"KINGDOMS, Oreol, 2015"
92000,"Hydrophobia: Prophecy, Dark Energy Digital Ltd., 2011"
337070,"Dimmdrive :: Gaming Ramdrive @ 10,000+ MB/s, Dimmdrive Inc., 2015"
224820,"Super House of Dead Ninjas, Megadev, 2013"
315340,"A.R.E.S. Extinction Agenda EX, Extend Studio, 2014"
353360,"how do you Do It?, Nina Freeman,Emmett Butler,Decky Coss,Joni Kittaka, 2014"
265870,"Alpha Kimori™ 1, Sherman3D, 2014"
304730,"Train Fever, Urban Games, 2014"
310470,"Grand Ages: Medieval, Gaming Minds Studios, 2015"
289930,"TransOcean: The Shipping Company, Deck13 Hamburg, 2014"
22000,"World of Goo, 2D BOY, 2008"
304670,"Aeon Command, Bat Country Games, LLC, 2014"
97100,"Section 8®: Prejudice™, TimeGate Studios, 2011"
200230,"Off-Road Drive, 1C-Avalon, 2011"
385530,"Астролорды: Облако Оорта, Aratog LLC, 2015"
318020,"Act of Aggression - Reboot Edition, Eugen Systems, 2015"
252070,"Gimbal, 8888888 LABS, 2013"
336520,"Might &amp; Magic Heroes Online, Blue Byte, 2015"
47700,"Command &amp; Conquer 4: Tiberian Twilight, EA Los Angeles, 2010"
50510,"Burn Zombie Burn!, doublesix, 2010"
352960,"Star Horizon, Orbital Knight, 2015"
252910,"Skyscraper Simulator, United Independent Entertainment GmbH,Actalogic, 2010"
289520,"King's Bounty: Dark Side, 1C-SoftClub, 2014"
351710,"Hyperdimension Neptunia Re;Birth2: Sisters Generation / 超次次元ゲイム ネプテューヌRe;Birth2, Idea Factory,Compile Heart,Felistella, 2015"
375040,"Death Tractor, Exato Game Studios, 2015"
315840,"Catacomb Kids, FourbitFriday, 2015"
316790,"Grim Fandango Remastered, Double Fine Productions, 2015"
331670,"The Jackbox Party Pack, Jackbox Games, Inc., 2014"
92700,"Shadow Harvest: Phantom Ops, Black Lion Studios, 2011"
11450,"Overlord™, Triumph Studios,Virtual Programming, 2007"
221020,"Towns, Xavi Canal, Ben Palgi, 2012"
381990,"Dragon Saga, Gravity Interactive, 2010"
24840,"Medal of Honor: Airborne, EA Los Angeles, 2007"
338170,"Ratz Instagib, Lino Slahuschek, 2016"
39800,"Nation Red, DiezelPower, 2010"
418300,"Wick, Hellbent Games, 2015"
367450,"Poly Bridge, Dry Cactus, 2016"
243360,"TrackMania² Valley, Nadeo, 2013"
359040,"The Music Machine, David Szymanski, 2015"
372210,"Spooky Cats, Russpuppy, 2015"
3480,"Peggle Deluxe, PopCap Games, Inc., 2007"
241720,"Guncraft, Exato Games Studio, 2013"
8800,"Civilization IV: Beyond the Sword, Firaxis Games, 2007"
283680,"Astebreed: Definitive Edition, Edelweiss, 2014"
280600,"BloodLust Shadowhunter, WRF Studios, 2015"
275490,"Canyon Capers, Crazy Moo Games, 2014"
403570,"Stigmat, Akakiy Petrushkin, 2015"
269350,"Montas, Organic Humans, 2014"
47780,"Dead Space™ 2, Visceral Games, 2011"
94000,"Dinner Date, Stout Games, 2011"
339290,"Castle, Snails Animation, 2015"
351900,"Pregnancy, Locomotivah, 2015"
207170,"Legend of Grimrock, Almost Human Games, 2012"
271900,"Hexcells Plus, Matthew Brown, 2014"
407600,"Raiden Legacy - Steam Edition, DotEmu, 2015"
365660,"OlliOlli2: Welcome to Olliwood, Roll7, 2015"
283660,"Rabbit Hole 3D: Steam Edition, Somi, 2014"
330390,"Grandia® II Anniversary Edition, GAME ARTS Co., Ltd.,SkyBox Labs, 2015"
209370,"Analogue: A Hate Story, Love Conquers All Games, 2012"
301910,"Saints Row: Gat out of Hell, Deep Silver Volition,High Voltage Software, 2015"
231160,"The Swapper, Olli Harjola, Otto Hantula, Tom Jubert, Carlo Castellano, 2013"
289760,"ROCKETSROCKETSROCKETS, Radial Games Corp,Loren Bednar,Dr. Kimberly Voll,Lindsay Jorgensen, 2015"
1520,"DEFCON, Introversion Software, 2006"
200050,"Naval War: Arctic Circle, Turbo Tape Games, 2012"
293180,"Overcast - Walden and the Werewolf, Microblast Games, 2014"
244810,"Foul Play, Mediatonic,The Irregular Corporation, 2013"
258590,"Adventure Time: Finn and Jake's Epic Quest, NGD Studios, 2014"
261530,"Lifeless Planet Premier Edition, Stage 2 Studios, 2014"
293760,"Automation - The Car Company Tycoon Game, Camshaft Software, 2015"
249550,"NEStalgia, Silk Games, 2014"
217100,"Dementium II HD, Memetic Games, 2013"
297350,"The Old City: Leviathan, PostMod Softworks, 2014"
384360,"Fingered, Edmund McMillen,James Id, 2015"
313690,"LEGO® Batman™3: Beyond Gotham, TT Games Ltd,Feral Interactive (Mac), 2014"
234330,"Marvel Puzzle Quest, Demiurge Studios, 2013"
257730,"Infinity Wars: Animated Trading Card Game, Lightmare Studios, 2014"
310070,"The Nightmare Cooperative, Lucky Frame, 2014"
310700,"Super Win the Game, Minor Key Games, 2014"
312630,"OTTTD, SMG Studio, 2014"
223810,"Ys I &amp; II Chronicles+, Nihon Falcom, 2013"
31290,"Back to the Future: The Game, Telltale Games, 2010"
286340,"FarSky, Farsky Interactive, 2014"
95400,"ibb &amp; obb, Sparpweed,Codeglue, 2014"
217690,"Anna - Extended Edition, Dreampainters, 2013"
401810,"Poi, PolyKid, 2017"
244870,"Electronic Super Joy, Michael Todd Games, 2013"
32470,"STAR WARS™ Empire at War - Gold Pack, Petroglyph, 2006"
9350,"Supreme Commander, Gas Powered Games, 2007"
36000,"Foreign Legion: Buckets of Blood, Sakari Indie, 2009"
416130,"Written in the Sky, Unwonted Studios, 2015"
32500,"STAR WARS™: The Force Unleashed™ II, Aspyr Studios, 2010"
271500,"Sniper Art of Victory, CI Games, 2008"
280040,"A Wizard's Lizard, Lost Decade Games, 2014"
283080,"Super Chibi Knight, PestoForce, 2015"
274620,"Skara - The Blade Remains, 8-Bit Studio, 2017"
362810,"Fighties, PillowPigGames, 2015"
11230,"Gumboy Tournament, CINEMAX, s.r.o., 2008"
279260,"Richard &amp; Alice, Owl Cave, 2014"
340300,"Teddy Floppy Ear - Mountain Adventure, Forever Entertainment S. A., 2015"
271360,"Industry Giant 2, Fancy Bytes, Reactor, 2015"
344040,"Voxelized, Lord Kres, 2015"
342200,"MechWarrior Online™, Piranha Games Inc., 2015"
16810,"Sid Meier's Civilization IV: Colonization, Firaxis Games, 2008"
256050,"Adventure Park, b-Alive, 2013"
279420,"Gardens Inc. – From Rakes to Riches, World-Loom,Nitreal, 2014"
360730,"Cards and Castles, Red Team Games, 2015"
111600,"Serious Sam Double D XXL, Mommy's Best Games, 2011"
303800,"The Witcher Adventure Game, CD PROJEKT RED,Can Explode, 2014"
358960,"Canabalt, Finji,Kittehface Software, 2015"
42920,"The Kings' Crusade, NeoCoreGames, 2010"
251150,"The Legend of Heroes: Trails in the Sky, Nihon Falcom, 2014"
102600,"Orcs Must Die!, Robot Entertainment, 2011"
244770,"StarMade, Schine, GmbH, 2014"
256290,"Child of Light, Ubisoft Montréal, 2014"
105100,"Lume, State of Play Games, 2011"
325090,"Deep Dungeons of Doom, Bossa Studios, 2014"
312530,"Duck Game, Landon Podbielski, 2015"
228760,"TrackMania² Canyon, Nadeo, 2011"
7200,"Trackmania United Forever Star Edition, Nadeo, 2008"
373180,"Kung Fury: Street Rage, Hello There AB, 2015"
111400,"Bunch of Heroes, NGD Studios, 2011"
209060,"Drunken Robot Pornography, Dejobaan Games, LLC, 2014"
292630,"Uriel's Chasm, Rail Slave Games, 2014"
348380,"The Interview, Anothink, 2015"
294860,"Valkyria Chronicles™, SEGA, 2014"
206610,"3SwitcheD, Reality Pump, 2012"
354640,"The Settlers Online, Blue Byte, 2010"
304500,"Rooms: The Main Building, HandMade Game, 2014"
57900,"Duke Nukem Forever, Gearbox Software, 2011"
61600,"Zen Bound 2, Secret Exit Ltd., 2010"
203210,"Titan Attacks!, Puppygames, 2012"
8080,"Kane and Lynch: Dead Men™, IO Interactive, 2007"
7510,"X-Blades, Gaijin Entertainment, 2009"
94200,"Jamestown, Final Form Games, 2011"
20510,"S.T.A.L.K.E.R.: Clear Sky, GSC Game World, 2008"
227160,"Kinetic Void, Badland Studio, 2014"
342980,"Destination Sol, MovingBlocks, 2015"
246090,"Spacebase DF-9, Double Fine Productions, 2014"
65740,"Carrier Command: Gaea Mission, Bohemia Interactive, 2012"
243780,"PixelJunk™ Monsters Ultimate, Double Eleven,Q-Games Ltd., 2013"
6550,"Devil May Cry® 3 Special Edition, CAPCOM Co., Ltd., 2006"
45700,"Devil May Cry 4, Capcom, 2008"
326410,"Windward, Tasharen Entertainment Inc., 2015"
321060,"Gender Bender DNA Twister Extreme, Transcendent Games, 2014"
45710,"Dark Void™, Airtight Games, 2010"
269310,"Infectonator: Survivors, Toge Productions, 2016"
230310,"Akaneiro: Demon Hunters, Spicy Horse, 2014"
299540,"Heroes Rise: The Prodigy, Choice of Games, 2012"
332570,"Amazing Frog?, Fayju, 2014"
12810,"Overlord II, Triumph Studios,Virtual Programming, 2009"
224460,"Contrast, Compulsion Games, 2013"
265300,"Lords Of The Fallen™, CI Games,Deck 13, 2014"
205870,"Auditorium, Cipher Prime Studios, 2012"
41500,"Torchlight, Runic Games, 2009"
233470,"Evoland, Shiro Games, 2013"
299720,"Terrorhedron Tower Defense, Dan Walters, 2014"
301190,"Frederic: Resurrection of Music, Forever Entertainment S. A., 2014"
339400,"Runestone Keeper, Blackfire Games, 2015"
244160,"Homeworld Remastered Collection, Gearbox Software,Aspyr (Mac), 2015"
253350,"Tiny Barbarian DX, StarQuail Games, 2013"
269030,"The Yawhg, Damian Sommer,Emily Carroll, 2013"
311730,"DEAD OR ALIVE 5 Last Round: Core Fighters, Team NINJA,KOEI TECMO GAMES CO., LTD., 2015"
349220,"The Black Watchmen, Alice &amp; Smith, 2015"
215510,"Rocketbirds: Hardboiled Chicken, Ratloop Asia, 2012"
248350,"Omegalodon, North of Earth, 2012"
296150,"G-Ball, Genee Network, 2014"
250520,"UnderRail, Stygian Software, 2015"
344860,"Crystal Story II, Emmanuel Salva Cruz, 2015"
271570,"Space Farmers, BumpkinBrothers, 2014"
261110,"Killer is Dead - Nightmare Edition, KADOKAWA GAMES / GRASSHOPPER MANUFACTURE, 2014"
266070,"City of Steam: Arkadia, Mechanist Games, 2014"
304030,"ArcheAge, XLGAMES, 2015"
250110,"Assault Android Cactus, Witch Beam, 2015"
47920,"Shift 2 Unleashed, Slightly Mad Studios, 2011"
323380,"The Magic Circle, Question, 2015"
20570,"Warhammer® 40,000: Dawn of War® II Chaos Rising, Relic Entertainment,Feral Interactive (Mac/Linux), 2010"
11240,"Space Trader: Merchant Marine, Meridian4, 2008"
319400,"Disney Winnie the Pooh, Disney Interactive, 2011"
365450,"Hacknet, Team Fractal Alligator, 2015"
211160,"Viking: Battle for Asgard, Creative Assembly, PC Port - Hardlight, 2012"
351050,"Cricket Captain 2015, Childish Things, 2015"
218820,"Mercenary Kings, Tribute Games Inc., 2014"
286200,"ReignMaker, Frogdice, 2014"
278620,"TinyKeep, Phigames, 2014"
326670,"Warhammer Quest, Rodeo Games,Twistplay, 2015"
342150,"Games of Glory, Lightbulb Crew, 2017"
110800,"L.A. Noire, Team Bondi,Rockstar Leeds, 2011"
315810,"eden*, minori, 2015"
352010,"Beach Bounce, BurstRay Games, 2015"
360550,"Cursed Sight, InvertMouse, 2015"
396650,"ACE Academy, PixelFade Inc, 2016"
11280,"Penguins Arena: Sedna's World, Frogames, 2008"
7830,"Men of War™, Best Way, 2009"
311140,"The Stalin Subway, Orion Games, 2006"
331200,"Grass Simulator, Daniel Davies, 2015"
12830,"Operation Flashpoint: Dragon Rising, Codemasters Studios, 2009"
22180,"Penumbra Overture, Frictional Games, 2007"
210550,"Angry Birds Space, Rovio Entertainment Ltd, 2013"
15750,"Oddworld: Stranger's Wrath HD, Oddworld Inhabitants, 2010"
317710,"Velocibox, Shawn Beck, 2014"
220160,"Trials Evolution: Gold Edition, Redlynx Ltd,Ubisoft  Shanghaï, 2013"
219700,"Dogs of War Online, Cyanide, 2014"
312010,"Bird Assassin, Social Loner Studios, 2011"
295770,"Rogue Shooter: The FPS Roguelike, Hippomancer, 2014"
227480,"God Mode, Old School Games, 2013"
344850,"Big Pharma, Twice Circled, 2015"
46540,"Trapped Dead, Headup Games / Crenetic, 2011"
302060,"Trucks &amp; Trailers, SCS Software, 2011"
232910,"TrackMania² Stadium, Nadeo, 2013"
73020,"Majesty 2 Collection, 1C:InoCo, 2011"
226960,"Ironclad Tactics, Zachtronics, 2013"
291910,"Firefighters 2014, VIS - Visual Imagination Software, 2014"
265690,"NaissanceE, Limasse Five, 2014"
370190,"Ruzh Delta Z, Pribuni, 2015"
297130,"Titan Souls, Acid Nerve, 2015"
316430,"Battle of Empires : 1914-1918, Great War Team, 2015"
237590,"R.I.P.D.: The Game, Old School Games, 2013"
209520,"Mini Motor Racing EVO, The Binary Mill, 2013"
224960,"Tomb Raider I, Core Design, 2012"
39690,"ArcaniA, Spellbound Studios, 2010"
214870,"Painkiller Hell &amp; Damnation, The Farm 51, 2012"
256010,"Jagged Alliance Flashback, Full Control, 2014"
204530,"Infested Planet, Rocket Bear Games, 2014"
225360,"DARK, Realmforge Studios, 2013"
342550,"Phantasmal: Survival Horror Roguelike, Eyemobi Ltd., 2016"
251370,"Escape Goat, MagicalTimeBean, 2012"
312150,"Wild Warfare, Hyper Hippo Games, 2014"
264280,"99 Levels To Hell, Zaxis Games,B-evil, 2014"
344630,"Princess Evangile All Ages Version, MOONSTONE, 2015"
280910,"T.E.C. 3001, Phoenix Game Studio, 2014"
353270,"Hyperdimension Neptunia Re;Birth3 V Generation / 神次次元ゲイム ネプテューヌRe;Birth3 V CENTURY, Idea Factory,Compile Heart,Felistella, 2015"
260130,"Agarest: Generations of War Zero, Idea Factory, 2014"
237890,"Agarest: Generations of War, Idea Factory, 2014"
63200,"Monday Night Combat, Uber Entertainment, 2011"
257970,"Loren The Amazon Princess, Winter Wolves, 2014"
296570,"Lords of Xulima, Numantian Games, 2014"
214970,"Intrusion 2, Aleksey Abramenko, 2012"
270510,"EPOCH, Uppercut Games Pty Ltd, 2014"
62100,"Chime, Zoë Mode, 2010"
351090,"Regency Solitaire, Grey Alien Games, 2015"
249330,"Unholy Heights, Petit Depotto, 2013"
213610,"Sonic Adventure 2, SEGA, 2012"
10140,"3D Ultra™ Minigolf Adventures, Wanako Games, 2006"
205610,"Port Royale 3, Gaming Minds, 2012"
212630,"Tom Clancy's Ghost Recon: Future Soldier™, Ubisoft Paris,Red Storm Entertainment, 2012"
416640,"Diabolical, Choice of Games, 2015"
299740,"Miscreated, Entrada Interactive LLC, 2014"
208670,"Blades of Time, Gaijin Entertainment Corporation, 2012"
305980,"Heavy Fire: Afghanistan, Teyon, 2014"
12360,"FlatOut: Ultimate Carnage, Bugbear Entertainment, 2008"
238910,"Bionic Dues, Arcen Games, LLC, 2013"
42990,"Sword of the Stars II: Enhanced Edition, Kerberos Productions, 2012"
202200,"Galactic Civilizations® II: Ultimate Edition, Stardock Entertainment, 2011"
207930,"Sacred Citadel, Southend, 2013"
218040,"Democracy 2, Positech Games, 2007"
284950,"Pixel Puzzles: Japan, DL Softworks, 2014"
300550,"Shadowrun: Dragonfall - Director's Cut, Harebrained Schemes, 2014"
237950,"UFO: Afterlight, Altar Games, 2007"
2990,"FlatOut 2™, Bugbear Entertainment, 2006"
211280,"Primal Fears, DnS Development, 2013"
280220,"Creeper World 3: Arc Eternal, Knuckle Cracker, 2014"
216110,"Tiny Troopers, Kukouri, 2012"
21000,"LEGO Batman, Traveller's Tales, 2008"
412470,"Metal War Online: Retribution, GDT Limited, 2015"
321030,"One Day For Ched, BS1 &amp; BSL Team, 2014"
24790,"Command &amp; Conquer 3: Tiberium Wars, EA Los Angeles, 2007"
215080,"WAKFU, Ankama Studio, 2014"
24800,"Command &amp; Conquer: Red Alert 3 - Uprising, EA Los Angeles, 2009"
244730,"Divekick, Iron Galaxy Studios, LLC, 2013"
286690,"Metro 2033 Redux, 4A Games, 2014"
269050,"Year Walk, Simogo, 2014"
215710,"Fieldrunners 2, Subatomic Studios LLC, 2013"
259550,"Hero of the Kingdom, Lonely Troops, 2012"
265330,"Gomo, Fishcow Studio, 2013"
280930,"Battlepillars Gold Edition, Hitcents, 2014"
286500,"House of 1,000 Doors: Family Secrets Collector's Edition, Alawar, 2014"
218640,"Lucius, Shiver Games, 2012"
211440,"Adventures of Shuggy, Smudged Cat Games Ltd, 2012"
296650,"The Great Jitters: Pudding Panic, kunst-stoff GmbH, 2014"
298340,"FLASHOUT 2, Jujubee S.A., 2014"
237970,"Memento Mori 2, Centauri Production, 2014"
214700,"Thirty Flights of Loving, Blendo Games, 2012"
21780,"Driver® Parallel Lines, Ubisoft Reflections, 2007"
202310,"Ridge Racer™ Unbounded, BUGBEAR, 2012"
17440,"SPORE™ Creepy &amp; Cute Parts Pack, Maxis™, 2008"
364050,"Face It - A game to fight inner demons, Tlön Studios,Ilex Games, 2017"
209790,"Splice, Cipher Prime Studios, 2012"
48220,"Might &amp; Magic: Heroes VI, Blackhole, 2011"
70600,"Worms Ultimate Mayhem, Team17 Digital Ltd, 2011"
375220,"Bitweb, practicing01, 2015"
264120,"Victory: The Age of Racing, Vae Victis Games, 2016"
268220,"Meltdown, Phenomenon Games, 2014"
304910,"Sky Gamblers: Storm Raiders, Atypical Games, 2015"
60800,"Numen: Contest of Heroes, CINEMAX, s.r.o., 2010"
289090,"Ampu-Tea, ProjectorGames, 2014"
323450,"Alphadia Genesis, EXE-CREATE, 2015"
310890,"Breach &amp; Clear: Deadline Rebirth (2016), Mighty Rabbit Studios,Gun Media, 2015"
326990,"Deep Eclipse: New Space Odyssey, Ultravision Interactive, 2014"
70620,"Worms Crazy Golf, Team17 Digital Ltd, 2011"
257170,"Rebuild 3: Gangs of Deadsville, Northway Games,Sarah Northway, 2015"
256330,"WRC 4 FIA World Rally Championship, Milestone S.r.l., 2013"
217920,"Alien Rage - Unlimited, CI Games, 2013"
315860,"Celestian Tales: Old North, Ekuator Games, 2015"
305070,"FIST OF AWESOME, I Fight Bears, 2014"
428880,"The Quest, Redshift, 2016"
307990,"Wildlife Park 2 - Fantasy, b-alive gmbh, 2013"
226560,"Escape Dead Island, Fatshark, 2014"
361630,"404Sight, Retro Yeti Games, 2015"
32770,"Joint Operations: Combined Arms Gold, NovaLogic, 2009"
248630,"Kingdoms Rise, Flyleap Studios Pty. Ltd., 2013"
97330,"Magic: The Gathering - Duels of the Planeswalkers 2013, Stainless Games, 2012"
38210,"Roogoo, Spidermonk Entertainment, 2009"
24810,"Command &amp; Conquer 3: Kane's Wrath, EA Los Angeles, 2009"
259060,"Dominions 4: Thrones of Ascension, Illwinter Game Design, 2013"
47400,"Stronghold 3 Gold, FireFly Studios, 2012"
227780,"Serious Sam Classics: Revolution, Croteam,Alligator Pit, 2014"
356510,"Soccer Rage, Stamina-Games, 2015"
203630,"Warlock - Master of the Arcane, Ino-Co Plus, 2012"
251470,"TowerFall Ascension, Matt Thorson, 2014"
12590,"Sprint Cars Road to Knoxville, BigAnt Studios, 2008"
42170,"Krater, Fatshark, 2012"
102840,"Shank 2, Klei Entertainment, 2012"
242700,"Injustice: Gods Among Us Ultimate Edition, NetherRealm Studios,High Voltage Software, 2013"
341940,"Hatred, Destructive Creations, 2015"
339230,"ZOMBI, Straight Right, 2015"
392450,"Silver Creek Falls: Chapter 1, Sapphire Dragon Productions, 2015"
421630,"A Study in Steampunk: Choice by Gaslight, Hosted Games, 2015"
335430,"Grimoire: Manastorm, Omniconnection, 2017"
368730,"No Time To Explain Remastered, tinyBuild, 2015"
6120,"Shank, Klei Entertainment, 2010"
220460,"Cargo Commander, Serious Brew, 2012"
300970,"Fiesta Online NA, Onson Soft, 2008"
397500,"Labyronia RPG 2, Labyrinthine, 2015"
403900,"Clergy Splode, PiGravity, 2015"
242640,"Styx: Master of Shadows, Cyanide Studio, 2014"
208730,"Game of Thrones, Cyanide Studios, 2012"
293740,"Road Not Taken, Spry Fox LLC, 2014"
332540,"We Slay Monsters, Furiously Inactive Games, 2017"
369060,"Amygdala, MachineSpirit, 2015"
63500,"Swords and Soldiers HD, Ronimo Games, 2010"
105420,"Ms. Splosion Man, Twisted Pixel Games, 2013"
259430,"Zigfrak, Entheogen Studios LLC, 2012"
305960,"Dragon: The Game, Sky Drake Studios, 2014"
80310,"Gemini Rue, Joshua Neurnberger, 2011"
259600,"Finding Teddy, Storybird, 2013"
104000,"iBomber Defense, Cobra Mobile, 2011"
61100,"Lucid, YeaBoing, 2011"
206690,"iBomber Defense Pacific, Cobra Mobile, 2012"
263100,"9.03m, Space Budgie, 2013"
238750,"Might &amp; Magic X - Legacy, Ubisoft, 2014"
111900,"Guardians of Middle-earth, Zombie Studios, 2013"
108200,"Ticket to Ride, Days of Wonder, 2012"
285160,"LEGO® The Hobbit™, Traveller's Tales,Feral Interactive (Mac), 2014"
33130,"Zombie Shooter, Sigma Team Inc., 2007"
218410,"Defender's Quest: Valley of the Forgotten (DX edition), Level Up Labs, LLC, 2012"
319550,"The Collider, Shortbreak Studios s.c., 2014"
11260,"Pacific Storm Allies, Lesta Studio, 2007"
49800,"Flight of the Icarus, Muse Games, 2010"
40330,"Secret Files: Tunguska, Animation Arts, 2009"
97000,"Solar 2, Murudai, 2011"
71230,"Crazy Taxi, SEGA, 2011"
257120,"Not The Robots, 2DArray, 2013"
335890,"Nanofights, Quantumfrog, 2014"
385270,"Jet Racing Extreme, Real Dynamics, 2015"
266110,"Tower of Guns, Terrible Posture Games, 2014"
311190,"Super Panda Adventures, BlueEagle Productions, 2014"
239120,"FINAL FANTASY III, Square Enix, 2014"
312750,"FINAL FANTASY IV, Square Enix,DotEmu SAS., 2014"
269490,"Bardbarian, TreeFortress Games, 2014"
278970,"Digger Online, DiggerWorld Ltd., 2015"
73170,"Darkest Hour: A Hearts of Iron Game, Martin Ivanov, 2011"
287340,"Colin McRae Rally, Codemasters Digital, 2014"
200170,"Worms Revolution, Team17 Digital Ltd, 2012"
317620,"Space Hulk Ascension, Full Control Studios, 2014"
205990,"Warlock 2: The Exiled, Ino-Co Plus, 2014"
235070,"Bad Bots, Point Five Projects, 2013"
96800,"Nexuiz, IllFonic, 2012"
25700,"Madballs in Babo:Invasion, Playbrains, 2009"
314150,"Double Dragon Trilogy, DotEmu, 2015"
32440,"LEGO® Star Wars™ - The Complete Saga, Traveller's Tales,Feral Interactive (Mac), 2009"
44200,"Galcon Fusion, Hassey Enterprises, Inc., 2010"
93200,"Revenge of the Titans, Puppygames, 2011"
107800,"Rochard, Recoil Games, 2011"
228400,"Ace Combat Assault Horizon - Enhanced Edition, NAMCO, 2013"
407510,"Devilian, Bluehole Ginno Games, 2015"
314410,"Rampage Knights, Rake in Grass, 2015"
403740,"GabeN: The Final Decision, Alex Zhang, 2015"
291250,"Jumpdrive, Meteoric Games, 2014"
311480,"Vertical Drop Heroes HD, Nerdook Productions, 2014"
329130,"Reassembly, Anisoptera Games, 2015"
287120,"Ionball 2: Ionstorm, Ironsun Studios, 2014"
366890,"Zombie Zoeds, Mystic Games, 2015"
37400,"Time Gentlemen, Please! and Ben There, Dan That! Special Edition  Double Pack, Size Five Games, 2009"
372800,"RPG MO, Marxnet, 2015"
358090,"D4: Dark Dreams Don’t Die -Season One-, Access Games, 2015"
295710,"Darkwind: War on Wheels, Psychic Software, 2014"
257830,"Violett Remastered, Forever Entertainment S. A., 2013"
327670,"Ironcast, Dreadbit, 2015"
3390,"Feeding Frenzy 2 Deluxe, PopCap Games, Inc., 2006"
209830,"Lone Survivor: The Director's Cut, Jasper Byrne, 2012"
251130,"Chroma Squad, Behold Studios, 2015"
243970,"Invisible, Inc., Klei Entertainment, 2015"
385330,"Stray Cat Crossing, Jurlo,JetPackGone, 2015"
250050,"Life Goes On: Done to Death, Infinite Monkeys Entertainment Ltd., 2014"
340150,"Basement, Halfbus, 2015"
394510,"HELLDIVERS™, Arrowhead Game Studios, 2015"
207730,"Arena Wars 2, ExDream GmbH, 2012"
304350,"Wildlife Park 2, b-alive gmbh, 2006"
409510,"Genesis Online, Shumkov Dmitriy, 2015"
397040,"Sphere III: Enchanted World, NIKITA ONLINE, 2015"
19500,"Eternity's Child, Luc Bernard,SilverSphereStudios, 2008"
357070,"UBERMOSH, Walter Machado, 2015"
319560,"Reprisal Universe, electrolyte, 2014"
9940,"Blade Kitten, Krome Studios, 2010"
258090,"99 Spirits, TORaIKI, 2013"
255260,"Pro Cycling Manager 2014, Cyanide Studio, 2014"
11590,"Hospital Tycoon, Deep Red Limited, 2007"
209360,"All Zombies Must Die!: Scorepocalypse, Doublesix Games, 2012"
11360,"Chains, 2DEngine.com, 2008"
105300,"Critical Mass, Manic Game Studios, 2011"
239700,"Hate Plus, Love Conquers All Games, 2013"
249190,"Ancient Space, CreativeForge Games, 2014"
72000,"Closure, Eyebrow Interactive, 2012"
290340,"Armello, League of Geeks, 2015"
204060,"Superbrothers: Sword &amp; Sworcery EP, Capybara,Superbrothers,Jim Guthrie, 2012"
300300,"Ichi, Stolen Couch Games, 2014"
385710,"INK, ZackBellGames, 2015"
247140,"Soundodger+, Studio Bean, 2013"
290990,"Flower Shop: Summer In Fairbrook, Winter Wolves, 2010"
259740,"Nightmares from the Deep: The Cursed Heart, Artifex Mundi, 2012"
342740,"Samudai, Geek Sloth Games, 2015"
306550,"Runers, LGK Games, 2014"
327220,"Anna's Quest, Daedalic Entertainment, 2015"
278460,"Skyborn, Dancing Dragon Games, 2014"
7840,"Death Track®: Resurrection, Sky Fallen, 2009"
38700,"Toki Tori, Two Tribes, 2010"
370150,"LOOP: A Tranquil Puzzle Game, John Cullen, 2015"
65930,"The Bureau: XCOM Declassified, 2K Marin, 2013"
334070,"Hektor, Rubycone, 2015"
314980,"Supreme Ruler Ultimate, BattleGoat Studios, 2014"
239840,"Dead State: Reanimated, DoubleBear Productions, 2014"
286040,"Dead Effect, BadFly Interactive, a.s., 2014"
319140,"Xeodrifter™, Renegade Kid, 2014"
311870,"Super Trench Attack!, Retro Army Limited, 2014"
332250,"The Next Penelope, Aurelien Regard, 2015"
339190,"Dead Synchronicity: Tomorrow Comes Today, Fictiorama Studios, 2015"
254200,"FortressCraft Evolved!, ProjectorGames, 2015"
302080,"Bus Driver, SCS Software, 2007"
214340,"Deponia, Daedalic Entertainment, 2012"
252410,"SteamWorld Dig, Image &amp; Form, 2013"
288370,"Strike Suit Zero: Director's Cut, Born Ready Games, 2014"
25500,"Cricket Revolution, Mindstorm Studios, 2009"
317440,"Quantum Rush Champions, GameArt Studio GmbH, 2014"
17450,"Dragon Age: Origins, BioWare, 2009"
249590,"Teslagrad, Rain Games, 2013"
259390,"Ballpoint Universe - Infinite, Arachnid Games, 2013"
220660,"StarDrive, Zero Sum Games, 2013"
289690,"LARA CROFT AND THE TEMPLE OF OSIRIS™, Crystal Dynamics, 2014"
281410,"Ubersoldier II, Burut CT, 2008"
326720,"Instant Dungeon!, With The Love Studios, 2014"
227080,"Papo &amp; Yo, Minority Media Inc., 2013"
225420,"Cities in Motion 2, Colossal Order Ltd., 2013"
11140,"Sherlock Holmes: The Awakened - Remastered Edition, Frogwares, 2008"
11130,"Sherlock Holmes: The Mystery of the Mummy, Frogwares, 2008"
350220,"Dead Sea, Phoenix Studio, 2015"
207430,"Hack, Slash, Loot, David Williamson, 2012"
25980,"Majesty 2, 1C:InoCo, 2009"
268260,"Let's Sing, Voxler Games, 2014"
305380,"Blue Estate The Game, HE SAW, 2015"
73010,"Cities in Motion, Colossal Order Ltd., 2011"
345440,"Vapour, Skobbejak Games, 2015"
273500,"Over 9000 Zombies!, Loren Lemcke, 2015"
238370,"Magicka 2, Pieces Interactive, 2015"
274230,"RONIN, Tomasz Wacławek, 2015"
375030,"Korwin The Game, Zbigniew Ochman, 2015"
219190,"Ultratron, Puppygames, 2013"
45000,"Sol Survivor, Cadenza Interactive, 2010"
241320,"Ittle Dew, Ludosity, 2013"
205950,"Jet Set Radio, Blit Software, 2012"
208460,"Tryst, BlueGiant Interactive, 2012"
246940,"Lords of the Black Sun, Arkavi Studios, 2014"
259170,"Alone in the Dark, Eden Games,Hydravision Entertainment, 2008"
335660,"CAFE 0 ~The Drowned Mermaid~, roseVeRte, 2011"
310360,"Higurashi When They Cry Hou - Ch.1 Onikakushi, 07th Expansion, 2015"
6870,"Battlestations: Midway, Eidos Interactive, 2007"
267940,"Glacier 3: The Meltdown, Team 6 Studios, 2010"
290490,"The Flock, Vogelsap, 2015"
22450,"Hunted: The Demon’s Forge™, inXile Entertainment, 2011"
313010,"Cities XXL, Focus Home Interactive, 2015"
273940,"Warehouse and Logistics Simulator, app2fun, 2014"
297210,"Famaze, Oryx Design Lab, 2014"
301750,"RADical ROACH Remastered, DL Softworks, 2014"
339470,"Retention, Sometimes You, 2015"
236690,"Blood Bowl 2, Cyanide Studios, 2015"
111800,"Blocks That Matter, Swing Swing Submarine, 2011"
235980,"Tetrobot and Co., Swing Swing Submarine, 2013"
39680,"The Guild II Renaissance, Rune Forge, 2010"
415420,"Nyan Cat: Lost In Space, isTom Games Kft., 2015"
399430,"Tinboy, Razvan, 2015"
423120,"Community College Hero: Trial by Fire, Hosted Games, 2015"
1200,"Red Orchestra: Ostfront 41-45, Tripwire Interactive, 2006"
272890,"Vertiginous Golf, Kinelco &amp; Lone Elk Creative, 2014"
344740,"CRYPTARK, Alientrap, 2017"
266150,"Lost Saga NA, IO Entertainment, 2013"
262550,"Gunman Clive, Hörberg Productions, 2014"
251850,"Master Reboot, Wales Interactive, 2013"
295690,"PARTICLE MACE, Andy Wallace, 2015"
255070,"Abyss Odyssey, ACE Team, 2014"
306660,"Ultimate General: Gettysburg, Game-Labs, 2014"
234160,"Strike Suit Infinity, Born Ready Games Ltd., 2013"
409670,"Pink Hour, Studio Pixel, 2015"
415030,"One More Dungeon, Stately Snail, 2015"
290280,"Volt, Quantized Bit, 2014"
16720,"Velvet Assassin, Replay Studios, 2009"
323240,"The World II: Hunting BOSS, Good Games, 2014"
297490,"Spy Chameleon - RGB Agent, Unfinished Pixel, 2014"
46350,"Real Warfare 1242, Unicorn Games Studio, 2010"
322980,"Gods vs Humans, Artefacts Studio, 2013"
266130,"Breach &amp; Clear, Mighty Rabbit Studios,Gun., 2014"
385260,"Lamia Must Die, Tuomo Laine, 2014"
46770,"Making History II: The War of the World, Muzzy Lane Software, 2010"
224900,"Iron Sky: Invasion, Reality Pump, 2012"
214610,"Cherry Tree High Comedy Club, 773, 2012"
400110,"Else Heart.Break(), Erik Svedäng,El Huervo / Niklas Åkerblad,Tobias Sjögren,Oscar ""Ratvader"" Rydelius,Johannes Gotlén, 2015"
404080,"Murder, Peter Moorhead, 2015"
258050,"Survivor Squad, Endless Loop Studios, 2013"
323610,"911: First Responders®, Sixteen Tons Entertainment, 2006"
249680,"Marlow Briggs and the Mask of Death, Zootfly, 2013"
40390,"Risen 2: Dark Waters, Piranha Bytes, 2012"
73220,"Supreme Ruler: Cold War, BattleGoat Studios, 2011"
33670,"Disciples III - Renaissance Steam Special Edition, Akella,.dat, 2010"
65730,"Take On Helicopters, Bohemia Interactive, 2011"
297330,"Arcadecraft, Firebase Industries Ltd., 2014"
201480,"Serious Sam: The Random Encounter, Vlambeer,Croteam, 2011"
31860,"Nancy Drew®: Legend of the Crystal Skull, HeR Interactive, 2007"
31930,"Nancy Drew®: The White Wolf of Icicle Creek, HeR Interactive, 2007"
3590,"Plants vs. Zombies GOTY Edition, PopCap Games, Inc., 2009"
293860,"White Noise Online, Milkstone Studios, 2014"
11330,"Obulis, IonFX, 2009"
343360,"Particula, Microblast Games, 2015"
207690,"Botanicula, Amanita Design, 2012"
282780,"Stick 'Em Up 2: Paper Adventures, Never Don't Play, 2015"
370020,"Templar Battleforce, Trese Brothers, 2015"
368340,"CrossCode, Radical Fish Games, 2015"
208750,"Apotheon, Alientrap, 2015"
405010,"Bitardia, varlamov5264, 2015"
298520,"Orbital Gear, Night Node, 2014"
261510,"Tesla Effect: A Tex Murphy Adventure, Big Finish Games, 2014"
3050,"Xpand Rally Xtreme, Techland, 2006"
234920,"Dyscourse, Owlchemy Labs, 2015"
352950,"Better Late Than DEAD, Odin Game Studio, 2016"
300900,"Hippocampal: The White Sofa, Freegamer, 2014"
267340,"Beware Planet Earth, Lightmare Studio, 2014"
391070,"Stellar 2D, quad games, 2015"
249990,"FORCED: Slightly Better Edition, BetaDwarf, 2013"
400250,"Heaven Island - VR MMO, Fabio Ferrara,Giulia Airoldi, 2015"
373390,"Contradiction - Spot The Liar!, Baggy Cat Ltd, 2015"
356570,"Party Hard, Pinokl Games,Kverta, 2015"
323720,"Decay: The Mare, Shining Gate Software, 2015"
263820,"EvilQuest, Chaosoft Games, 2014"
237850,"Dreamfall Chapters, Red Thread Games, 2017"
350600,"BIOS, PIXYUL, 2016"
228440,"Cubemen 2, 3 Sprockets, 2013"
322300,"The Repopulation, IF Studios, 2014"
322110,"20XX, Batterystaple Games,Fire Hose Games, 2017"
15520,"AaAaAA!!! - A Reckless Disregard for Gravity, Dejobaan Games, LLC, 2009"
33680,"eversion, Zaratustra Productions, 2010"
388080,"Borderless Gaming, AndrewMD5,Codeusa, 2015"
381560,"Epic Cards Battle(TCG), momoStorm Entertainment, 2015"
406080,"Ant War: Domination, Anarchy Enterprises, 2015"
365900,"Pixel Dungeon, Retronic Games, 2015"
378370,"Nomad, Diminished Studios, 2015"
371420,"Teddy Floppy Ear - The Race, Forever Entertainment S. A., 2015"
11340,"Larva Mortus, Meridian4, 2009"
216890,"Blood Bowl: Chaos Edition, Cyanide Studios, 2012"
212410,"Inversion™, Saber Interactive, 2012"
94300,"The Dream Machine: Chapter 1 &amp; 2, Cockroach Inc., 2012"
40380,"nail'd, Techland, 2010"
72900,"Winter Voices, inner seas, 2010"
383750,"Funk of Titans, A Crowd of Monsters, 2015"
252250,"Maia, Simon Roth, 2013"
357600,"Unium, Kittehface Software, 2015"
102850,"Warp, Trapdoor Inc., 2012"
205730,"Insanely Twisted Shadow Planet, Shadow Planet Productions, 2012"
200010,"Quantum Conundrum, Airtight Games, 2012"
211180,"Unmechanical, Talawa Games, 2012"
291930,"Industry Empire, Actalogic, 2014"
322900,"War, the Game, GabberGames.com, 2015"
207790,"Jane's Advanced Strike Fighters, Trickstar Games, 2012"
391260,"Labyronia RPG, Labyrinthine, 2015"
251310,"Eleusis, Nocturnal works, 2013"
258950,"Montague's Mount, PolyPusher Studios, 2013"
284930,"Speed Kills, Holy Warp,Black Wing Foundation, 2014"
325110,"Save the Furries, Smack Down Productions, 2012"
255300,"Journey of a Roach, Koboldgames,Daedalic Entertainment, 2013"
212700,"Party of Sin, Crankshaft Games, 2012"
418910,"Idle Civilization, Very Simple Idea Studios, 2015"
205650,"The Testament of Sherlock Holmes, Frogwares, 2012"
313020,"Soul Gambler, Tlön Studios, 2013"
104200,"BEEP, Big Fat Alien, 2011"
380580,"SpaceCorn, Henrique Pegacha,Rafael Lima,Nuno Guerreiro, 2012"
327090,"Out of Reach, Space Boat Studios, 2015"
263560,"Paper Sorcerer, Ultra Runaway Games, 2013"
200150,"Battle Chess: Game of Kings™, Olde Sküül,Sculptured Software, 2015"
212030,"Kung Fu Strike - The Warrior's Rise, Qooc Software, 2012"
313040,"Pixel Hunter, Lemondo Entertainment, 2014"
287580,"Pandora: First Contact, Proxy Studios, 2013"
331190,"Master Spy, TURBOGUN, 2015"
26900,"Crayon Physics Deluxe, Kloonigames, 2009"
57000,"NyxQuest: Kindred Spirits, Over the Top Games, 2010"
330100,"BossConstructor, Mirko Seithe, 2016"
24870,"Need for Speed: Shift, Slightly Mad Studios, 2009"
256370,"MXGP - The Official Motocross Videogame, Milestone S.r.l., 2014"
347830,"Fairy Fencer F, Idea Factory,Compile Heart, 2015"
410210,"Ampersand, PiGravity, 2015"
403700,"Zero Punctuation: Hatfall - Hatters Gonna Hat Edition, Ben 'Yahtzee' Croshaw,Collected Worlds, 2015"
269770,"Secrets of Grindea, Pixel Ferrets, 2015"
268970,"You Are Not The Hero, ToMorning Productions, 2015"
263380,"Driftmoon, Ville Mönkkönen,Anne Mönkkönen, 2013"
305050,"Outland, Housemarque, 2014"
39160,"Dungeon Siege III, Obsidian Entertainment, 2011"
251730,"Legend of Grimrock 2, Almost Human Games, 2014"
12480,"9th Company: Roots Of Terror, Noviy Disk,Lesta Studios Inc, 2009"
356310,"METAL SLUG DEFENSE, SNK CORPORATION, 2015"
241410,"CastleStorm, Zen Studios, 2013"
378850,"Galagan's Island: Reprymian Rising, Skinny Jean Death Studios, 2015"
368360,"60 Seconds!, Robot Gentleman, 2015"
294140,"They Breathe, The Working Parts, 2014"
265120,"Meridian: New World, Elder Games, 2014"
98500,"Naval Warfare, Game Distillery s.r.o., 2011"
65560,"Painkiller Redemption, Eggtooth Team, 2011"
278490,"Aveyond 3-2: Gates of Night, Amaranth Games, LLC, 2014"
347620,"Gaokao.Love.100Days, 高考恋爱委员会,橘子班, 2015"
390520,"PewDiePie: Legend of the Brofist, Outerminds Inc., 2015"
272600,"Detective Grimoire, SFB Games, 2014"
63940,"Men of War: Vietnam, 1C Company, 2011"
345370,"TyranoBuilder Visual Novel Studio, STRIKEWORKS, 2015"
342620,"It came from space, and ate our brains, Triangle Studios, 2015"
371500,"Grey Cubes, Deion Mobile, 2015"
296240,"The Promised Land, Boolat Games,Alawar Entertainment, 2012"
336670,"HIT, Shifty Chair Games, 2015"
314230,"Rodina, Elliptic Games, 2014"
363490,"Escape Machines, Mint Age Studios, 2015"
304950,"Castaway Paradise - Town Building Sim, Stolen Couch Games, 2015"
246110,"MASSIVE CHALICE, Double Fine Productions, 2015"
349720,"Audition Online, T3 Entertainment, 2007"
293840,"Cult of the Wind, North of Earth, 2014"
242130,"Vector Thrust, TimeSymmetry, 2015"
37600,"Windosill, Vectorpark, Inc., 2009"
345180,"Victor Vran ARPG, Haemimont Games, 2015"
330580,"Shark Attack Deathmatch 2, Lighthouse Games Studio, 2015"
91200,"Anomaly: Warzone Earth, 11 bit studios, 2011"
233550,"Another World – 20th Anniversary Edition, Eric Chahi,DotEmu, 2013"
234080,"Castlevania: Lords of Shadow – Ultimate Edition, MercurySteam - Climax Studios, 2013"
207400,"eXceed 3rd - Jade Penetrate Black Package, Tennen-sozai, 2012"
18020,"Precipice of Darkness, Episode Two, Hothead Games, 2008"
219910,"Edna &amp; Harvey: Harvey's New Eyes, Daedalic Entertainment, 2012"
48950,"Greed Corp, Vanguard Games, 2010"
36150,"Westward Collection, Sandlot Games, 2009"
237760,"Intake, Cipher Prime Studios, 2013"
364450,"Freshman Year, Nina Freeman,Laura Knetzger,Stephen Lawrence Clark, 2015"
329050,"Devil May Cry® 4 Special Edition, CAPCOM Co., Ltd., 2015"
318230,"Convoy, Convoy Games, 2015"
319910,"Trine 3: The Artifacts of Power, Frozenbyte, 2015"
107310,"Cthulhu Saves the World, Zeboyd Games, 2011"
12330,"Darkstar One, Ascaron Entertainment ltd., 2006"
287840,"TY the Tasmanian Tiger 4, Krome Studios, 2015"
381850,"My Paper Boat, TML-Studios, 2015"
329110,"Gems of War - Puzzle RPG, Infinity Plus 2, 2014"
321610,"Demonlisher, Brain Bombers, 2011"
383580,"Flesh Eaters, S.C. 16 BIT NIGHTS S.R.L., 2016"
352700,"Subspace Continuum, Virgin Interactive Entertainment,PriitK, 2015"
230070,"The Age of Decadence, Iron Tower Studio, 2015"
345390,"King's Quest, The Odd Gentlemen, 2015"
262940,"Broken Sword 5 - the Serpent's Curse, Revolution Software Ltd, 2014"
340580,"Armed with Wings: Rearmed, Sun-Studios, 2017"
266370,"Calibre 10 Racing, Bongfish GmbH, 2014"
284460,"DeadCore, 5 Bits Games, 2014"
326150,"Death Skid Marks, Studio Whisky Tango Inc., 2014"
300220,"Victim of Xen, Smolders, 2014"
2590,"Alpha Prime, Black Element, 2007"
33950,"Fish Fillets 2, Altar Games, 2007"
317100,"Republique, Camouflaj, 2015"
78000,"Bejeweled® 3, PopCap Games, Inc., 2010"
306670,"Overlord: Fellowship of Evil, Codemasters, 2015"
262590,"Chuck's Challenge 3D, Niffler Ltd., 2014"
328830,"Rugby Union Team Manager 2015, Alternative Software Ltd, 2014"
23530,"Earth Defense Force: Insect Armageddon, Vicious Cycle Software, Inc., 2011"
115100,"Costume Quest, Double Fine Productions, 2011"
296970,"Renowned Explorers: International Society, Abbey Games, 2015"
266390,"Farm for your Life, Hammer Labs, 2013"
99100,"Dungeons and Dragons: Daggerdale, Bedlam Games, 2011"
25900,"King's Bounty: The Legend, 1C Company, 2008"
233310,"Avadon 2: The Corruption, Spiderweb Software, 2013"
240620,"Wanderlust Adventures, Yeti Trunk, 2015"
263480,"Final Rush, Strike Games, 2014"
341530,"Stardust Vanguards, Zanrai Interactive, 2015"
216910,"Of Orcs And Men, Cyanide Studio - Spiders Studios, 2012"
275510,"Z Steel Soldiers, TickTock Games, 2014"
275530,"Z, TickTock Games, 2014"
16600,"Trials 2: Second Edition, Redlynx, 2008"
205060,"BIT.TRIP CORE, Gaijin Games, 2012"
18120,"Unstoppable Gorg, Futuremark, 2012"
290890,"You Must Build A Boat, EightyEightGames, 2015"
263340,"Continue?9876543210, Jason Oda, 2014"
6370,"Bloodline Champions, Stunlock Studios, 2011"
299260,"Commando Jack, Colossal Games, 2014"
366220,"Wurm Unlimited, Code Club AB, 2015"
222660,"Retro/Grade, 24 Caret Games, 2013"
15170,"Heroes of Might &amp; Magic V, Nival, 2006"
33520,"Tropico Reloaded, PopTop Software,BreakAway Games,Frog City Software, 2009"
293680,"Cinders, MoaCube, 2012"
340810,"Deepworld, Bytebin, 2015"
327500,"Zenzizenzic, bitHuffel, 2015"
327520,"Traverser, Gatling Goat Studios, 2015"
343710,"Kholat, IMGN.PRO, 2015"
247660,"Deadly Premonition: The Director's Cut, Rising Star Games, 2013"
252670,"Nihilumbra, BeautiFun Games, 2013"
282760,"Circuits, Digital Tentacle, 2014"
63700,"BIT.TRIP BEAT, Gaijin Games, 2010"
233370,"The Raven - Legacy of a Master Thief, KING Art, 2013"
245150,"The Novelist, Orthogonal Games, 2013"
293320,"Coma: Mortuary, Nova Dimension,Naga Entertainment, 2014"
210870,"Cloudberry Kingdom™, Pwnee Studios, 2013"
27940,"Dead Horde, DnS Development, 2011"
344820,"Forsaken Fortress Strategy, Photon Arena, 2015"
387970,"Clown House (Palyaço Evi), gord10,Aslan Game Studio, 2015"
412140,"Electric Highways, Zykov Eddy,Xitilon, 2015"
296490,"GemCraft - Chasing Shadows, Game in a Bottle, 2015"
49470,"Magic: The Gathering - Duels of the Planeswalkers 2012, Stainless Games Ltd, 2011"
277520,"Albedo: Eyes from Outer Space, Z4G0 and Ivan Venturi Productions, 2015"
298360,"Immortal Defense, Studio Eres, 2007"
296910,"8BitBoy™, AwesomeBlade, 2014"
282050,"MX vs. ATV Supercross Encore, Rainbow Studios,THQ Nordic, 2015"
209690,"Fieldrunners, Subatomic Studios LLC, 2012"
18040,"DeathSpank, Hothead Games, 2010"
253370,"Axis Game Factory's AGFPRO v3, Axis Game Factory LLC, 2013"
263200,"Signs of Life, Sweet Dog Studios, 2014"
8000,"Tomb Raider: Anniversary, Crystal Dynamics,Feral Interactive (Mac), 2007"
98300,"Toy Soldiers, Signal Studios, 2012"
269330,"Chronology, Bedtime Digital Games, 2014"
356380,"Orbit HD, Brainchild, 2015"
341000,"Mad Games Tycoon, Eggcode, 2016"
15200,"Silent Hunter®: Wolves of the Pacific, Ubisoft Romania, 2007"
256070,"Truck Racer, Kylotonn Entertainment, 2013"
362410,"Adam's Venture Chronicles, Vertigo Games, 2015"
259620,"3079 -- Block Action RPG, Phr00t's Software, 2011"
214130,"Aerofly FS 1 Flight Simulator, IPACS, 2012"
258880,"Professional Farmer 2014, PlayWay S.A., 2013"
258760,"Scania Truck Driving Simulator, SCS Software, 2012"
346180,"David., Fermenter Games, 2014"
376210,"The Isle, Afterthought LLC, 2015"
232950,"Bridge Project, Halycon Media GmbH &amp; Co. KG, 2013"
345350,"LIGHTNING RETURNS™: FINAL FANTASY® XIII, Square Enix, 2015"
41740,"Cargo! The Quest for Gravity, Ice-Pick Lodge, 2011"
307640,"Stick RPG 2: Director's Cut, XGen Studios, 2011"
229870,"ShootMania Storm, Nadeo, 2013"
18000,"Precipice of Darkness, Episode One, Hothead Games, 2008"
32200,"Metal Drift, Black Jacket Studios, 2009"
313590,"Boo Bunny Plague, On The Level Game Studios, 2014"
7000,"Tomb Raider: Legend, Crystal Dynamics, 2006"
295790,"Never Alone (Kisima Ingitchuna), Upper One Games,E-Line Media, 2014"
289600,"Marauder, Apeiron, 2009"
291270,"Vitrum, 9heads Game Studios, 2012"
299680,"Tengami, Nyamyam, 2015"
241240,"Contraption Maker, Game Dev Castle, 2014"
293240,"Cosmochoria, Nate Schmold, 2015"
221810,"The Cave, Double Fine Productions, 2013"
208500,"F1 2012™, Codemasters Birmingham, 2012"
220740,"Chaos on Deponia, Daedalic Entertainment, 2012"
288040,"Actual Sunlight, WZOGI, 2014"
283230,"Spoiler Alert, MEGAFUZZ, 2014"
207420,"Wizorb, Tribute Games Inc., 2012"
364510,"Transcendence, Kronosaur Productions, 2015"
299780,"Noir Syndrome, Glass Knuckle Games, 2014"
23310,"The Last Remnant™, Square Enix, 2009"
314520,"Euro Fishing, Dovetail Games, 2015"
324570,"Halo: Spartan Strike, 343 Industries,Vanguard Games, 2014"
25800,"Europa Universalis III Complete, Paradox Development Studio, 2007"
296770,"Real Boxing™, Vivid Games S.A., 2014"
411560,"Reveal The Deep, Lazy Monday Games, 2015"
227200,"Waking Mars, Tiger Style, 2012"
220820,"Zombie Driver HD, Exor Studios, 2012"
296050,"Battlepaths, Key17 Games, 2012"
91330,"Iron Front: Digital War Edition, X1 Software,AWAR, 2012"
95300,"Capsized, Alientrap, 2011"
45400,"Fortix, Nemesys Games, 2010"
3620,"Zuma's Revenge!, PopCap Games, Inc., 2009"
319180,"Platypus II, Idigicon, 2007"
279160,"Ultionus: A Tale of Petty Revenge, Last Dimension, 2014"
336510,"Anno Online, Blue Byte, 2013"
262750,"GoD Factory: Wingmen, Nine Dots Studio, 2014"
247580,"Magicka: Wizards of the Square Tablet, Ludosity, 2013"
46440,"Future Wars, Headup Games / Radon Labs, 2010"
409450,"The Fall of the Dungeon Guardians - Enhanced Edition, Mana Games, 2015"
271640,"Humanity Asset, Browny Application, 2014"
96200,"Steel Storm: Burning Retribution, Kot in Action Creative Artel, 2011"
243280,"Poöf, Arkedo, 2013"
319450,"Chariot, Frima Studio, 2014"
285820,"Action Henk, RageSquid, 2015"
207570,"English Country Tune, increpare games, 2011"
257030,"Project Nimbus, GameCrafterTeam, 2017"
347670,"Karate Master 2 Knock Down Blow, Crian Soft, 2015"
269790,"DreadOut, Digital Happiness, 2014"
269810,"Spate, Eric Provan - Ayyo Games, 2014"
286360,"Shadows on the Vatican Act I: Greed, 10th Art Studio,Adventure Productions, 2014"
316930,"Kings of Kung Fu, Jae Lee Productions, 2015"
411570,"Zombie Exodus, Hosted Games, 2011"
279520,"Rage Runner, Hypercane Studios, 2014"
94590,"Puzzle Agent 2, Telltale Games, 2011"
262960,"Castle In The Darkness, Matt Kap,Nicalis, Inc., 2015"
205080,"BIT.TRIP FATE, Gaijin Games, 2013"
227560,"Scourge: Outbreak, Tragnarion Studios, 2014"
400240,"The Deer, Fabio Ferrara,Giulia Airoldi, 2015"
374090,"Winter Sports Trilogy Super Pack, 49 Games, 2007"
254480,"Obscure II (Obscure: The Aftermath), Hydravision Entertainment, 2008"
210170,"Spirits, Spaces of Play, 2012"
383230,"Dungeon Souls, Lamina Studios,Mike Studios, 2016"
61730,"Critter Crunch, Capybara Games, 2012"
259410,"Sneaky Sneaky, Naiad Entertainment LLC, 2014"
319970,"The Detail, Rival Games Ltd, 2014"
378580,"Untamed: Life Of A Cougar, OCCA Studios, 2015"
274350,"Dropsy, Tendershoot,A Jolly Corpse, 2015"
275610,"Warhammer 40,000: Kill Team, Nomad Games, 2014"
328070,"Reflex Arena, Turbo Pixel Studios, 2014"
352400,"LEGO® Jurassic World, TT Games Ltd,Feral Interactive (Mac), 2015"
385890,"Golden Rush, Forbes Consult Ltd, 2015"
348670,"Immune - True Survival, vidiludi games and entertainment, 2015"
294230,"Millie, Forever Entertainment S. A., 2014"
341310,"Greyfox RPG, Lesley Dodd, 2015"
305920,"Another Perspective, ShaunJS, 2014"
367780,"Aero's Quest, Soloweb Studios,Ravens Eye Studio, 2015"
307130,"Asteria, Legend Studio, 2014"
